Merchant,Vintage Index,FICO Bucket,New Accounts,growth_rate_applied
Merchant 1,14,Exceptional (800-850),7799.69829277093,0.04802503723143703
Merchant 1,14,Very Good (740-799),10477.980510539717,0.04802503723143703
Merchant 1,14,Good (670-739),8752.337196588182,0.04802503723143703
Merchant 1,14,Fair (580-669),5661.10512963858,0.04802503723143703
Merchant 1,14,Poor (300-579),2446.0142937209844,0.04802503723143703
Merchant 1,15,Exceptional (800-850),8174.27909367523,0.04802503723143703
Merchant 1,15,Very Good (740-799),10981.185914668658,0.04802503723143703
Merchant 1,15,Good (670-739),9172.66851631642,0.04802503723143703
Merchant 1,15,Fair (580-669),5932.9799142605525,0.04802503723143703
Merchant 1,15,Poor (300-579),2563.4842212455624,0.04802503723143703
Merchant 1,16,Exceptional (800-850),8566.849151489141,0.04802503723143703
Merchant 1,16,Very Good (740-799),11508.557777065953,0.04802503723143703
Merchant 1,16,Good (670-739),9613.186263324147,0.04802503723143703
Merchant 1,16,Fair (580-669),6217.911495536283,0.04802503723143703
Merchant 1,16,Poor (300-579),2686.595646413082,0.04802503723143703
Merchant 1,17,Exceptional (800-850),8978.27240094551,0.04802503723143703
Merchant 1,17,Very Good (740-799),12061.256692789688,0.04802503723143703
Merchant 1,17,Good (670-739),10074.859891533028,0.04802503723143703
Merchant 1,17,Fair (580-669),6516.526926611193,0.04802503723143703
Merchant 1,17,Poor (300-579),2815.619502357886,0.04802503723143703
Merchant 1,18,Exceptional (800-850),9409.454267274901,0.04802503723143703
Merchant 1,18,Very Good (740-799),12640.498994518832,0.04802503723143703
Merchant 1,18,Good (670-739),10558.705412925412,0.04802503723143703
Merchant 1,18,Fair (580-669),6829.483374881357,0.04802503723143703
Merchant 1,18,Poor (300-579),2950.839733788184,0.04802503723143703
Merchant 1,19,Exceptional (800-850),9861.343658788282,0.04802503723143703
Merchant 1,19,Very Good (740-799),13247.559429354542,0.04802503723143703
Merchant 1,19,Good (670-739),11065.78763349693,0.04802503723143703
Merchant 1,19,Fair (580-669),7157.469568231515,0.04802503723143703
Merchant 1,19,Poor (300-579),3092.5539218673653,0.04802503723143703
Merchant 1,20,Exceptional (800-850),10334.935055153584,0.04802503723143703
Merchant 1,20,Very Good (740-799),13883.773964174967,0.04802503723143703
Merchant 1,20,Good (670-739),11597.222496590795,0.04802503723143703
Merchant 1,20,Fair (580-669),7501.207310728711,0.04802503723143703
Merchant 1,20,Poor (300-579),3241.0739391052716,0.04802503723143703
Merchant 1,21,Exceptional (800-850),10831.27069596182,0.04802503723143703
Merchant 1,21,Very Good (740-799),14550.542725717327,0.04802503723143703
Merchant 1,21,Good (670-739),12154.179538770828,0.04802503723143703
Merchant 1,21,Fair (580-669),7861.453071107185,0.04802503723143703
Merchant 1,21,Poor (300-579),3396.726635700643,0.04802503723143703
Merchant 10,14,Exceptional (800-850),2029.7540870092666,0.18896447467876043
Merchant 10,14,Very Good (740-799),3678.485294179059,0.18896447467876043
Merchant 10,14,Good (670-739),5048.876058618659,0.18896447467876043
Merchant 10,14,Fair (580-669),4017.5310770870656,0.18896447467876043
Merchant 10,14,Poor (300-579),2057.5235511331603,0.18896447467876043
Merchant 10,15,Exceptional (800-850),2413.30550178804,0.18896447467876043
Merchant 10,15,Very Good (740-799),4373.588335407151,0.18896447467876043
Merchant 10,15,Good (670-739),6002.934270753705,0.18896447467876043
Merchant 10,15,Fair (580-669),4776.701726574418,0.18896447467876043
Merchant 10,15,Poor (300-579),2446.3224081122157,0.18896447467876043
Merchant 10,16,Exceptional (800-850),2869.3345081727794,0.18896447467876043
Merchant 10,16,Very Good (740-799),5200.041157668517,0.18896447467876043
Merchant 10,16,Good (670-739),7137.275591757807,0.18896447467876043
Merchant 10,16,Fair (580-669),5679.328659033681,0.18896447467876043
Merchant 10,16,Poor (300-579),2908.590436856021,0.18896447467876043
Merchant 10,17,Exceptional (800-850),3411.536796187288,0.18896447467876043
Merchant 10,17,Very Good (740-799),6182.664203335282,0.18896447467876043
Merchant 10,17,Good (670-739),8485.96712459186,0.18896447467876043
Merchant 10,17,Fair (580-669),6752.520015616009,0.18896447467876043
Merchant 10,17,Poor (300-579),3458.210700812185,0.18896447467876043
Merchant 10,18,Exceptional (800-850),4056.19605472608,0.18896447467876043
Merchant 10,18,Very Good (740-799),7350.96809663371,0.18896447467876043
Merchant 10,18,Good (670-739),10089.513444431592,0.18896447467876043
Merchant 10,18,Fair (580-669),8028.506413124704,0.18896447467876043
Merchant 10,18,Poor (300-579),4111.689669219628,0.18896447467876043
Merchant 10,19,Exceptional (800-850),4822.6730114014545,0.18896447467876043
Merchant 10,19,Very Good (740-799),8740.039921394427,0.18896447467876043
Merchant 10,19,Good (670-739),11996.073052222899,0.18896447467876043
Merchant 10,19,Fair (580-669),9545.608909935872,0.18896447467876043
Merchant 10,19,Poor (300-579),4888.652947605801,0.18896447467876043
Merchant 10,20,Exceptional (800-850),5733.986883548366,0.18896447467876043
Merchant 10,20,Very Good (740-799),10391.596973812118,0.18896447467876043
Merchant 10,20,Good (670-739),14262.904694744231,0.18896447467876043
Merchant 10,20,Fair (580-669),11349.389883090798,0.18896447467876043
Merchant 10,20,Poor (300-579),5812.434683736905,0.18896447467876043
Merchant 10,21,Exceptional (800-850),6817.506702812985,0.18896447467876043
Merchant 10,21,Very Good (740-799),12355.239637041923,0.18896447467876043
Merchant 10,21,Good (670-739),16958.086987779803,0.18896447467876043
Merchant 10,21,Fair (580-669),13494.02138027349,0.18896447467876043
Merchant 10,21,Poor (300-579),6910.778350353856,0.18896447467876043
Merchant 2,14,Exceptional (800-850),6864.5433566831425,0.049068695666206454
Merchant 2,14,Very Good (740-799),8870.241585076188,0.049068695666206454
Merchant 2,14,Good (670-739),6368.934880072532,0.049068695666206454
Merchant 2,14,Fair (580-669),3872.3333188341676,0.049068695666206454
Merchant 2,14,Poor (300-579),1673.201402312509,0.049068695666206454
Merchant 2,15,Exceptional (800-850),7201.377545539709,0.049068695666206454
Merchant 2,15,Very Good (740-799),9305.492769900022,0.049068695666206454
Merchant 2,15,Good (670-739),6681.450207420699,0.049068695666206454
Merchant 2,15,Fair (580-669),4062.343663974154,0.049068695666206454
Merchant 2,15,Poor (300-579),1755.3032127108515,0.049068695666206454
Merchant 2,16,Exceptional (800-850),7554.739748699249,0.049068695666206454
Merchant 2,16,Very Good (740-799),9762.10116265033,0.049068695666206454
Merchant 2,16,Good (670-739),7009.300254257537,0.049068695666206454
Merchant 2,16,Fair (580-669),4261.677568913243,0.049068695666206454
Merchant 2,16,Poor (300-579),1841.4336518572748,0.049068695666206454
Merchant 2,17,Exceptional (800-850),7925.440974265565,0.049068695666206454
Merchant 2,17,Very Good (740-799),10241.114733663138,0.049068695666206454
Merchant 2,17,Good (670-739),7353.237475266764,0.049068695666206454
Merchant 2,17,Fair (580-669),4470.792528569746,0.049068695666206454
Merchant 2,17,Poor (300-579),1931.7903993097705,0.049068695666206454
Merchant 2,18,Exceptional (800-850),8314.332025452286,0.049068695666206454
Merchant 2,18,Very Good (740-799),10743.63287581196,0.049068695666206454
Merchant 2,18,Good (670-739),7714.051247101974,0.049068695666206454
Merchant 2,18,Fair (580-669),4690.168486540884,0.049068695666206454
Merchant 2,18,Poor (300-579),2026.580834504401,0.049068695666206454
Merchant 2,19,Exceptional (800-850),8722.305453276998,0.049068695666206454
Merchant 2,19,Very Good (740-799),11270.808927744629,0.049068695666206454
Merchant 2,19,Good (670-739),8092.569680099542,0.049068695666206454
Merchant 2,19,Fair (580-669),4920.308936630192,0.049068695666206454
Merchant 2,19,Poor (300-579),2126.0225127156646,0.049068695666206454
Merchant 2,20,Exceptional (800-850),9150.29760507154,0.049068695666206454
Merchant 2,20,Very Good (740-799),11823.852820932092,0.049068695666206454
Merchant 2,20,Good (670-739),8489.661518889916,0.049068695666206454
Merchant 2,20,Fair (580-669),5161.7420784254155,0.049068695666206454
Merchant 2,20,Poor (300-579),2230.343664371613,0.049068695666206454
Merchant 2,21,Exceptional (800-850),9599.290773510016,0.049068695666206454
Merchant 2,21,Very Good (740-799),12404.033856604427,0.049068695666206454
Merchant 2,21,Good (670-739),8906.23813626943,0.049068695666206454
Merchant 2,21,Fair (580-669),5415.022029579124,0.049068695666206454
Merchant 2,21,Poor (300-579),2339.783718869716,0.049068695666206454
Merchant 3,14,Exceptional (800-850),3721.3623193145336,0.047703985442679876
Merchant 3,14,Very Good (740-799),5639.148448897373,0.047703985442679876
Merchant 3,14,Good (670-739),6650.050159067232,0.047703985442679876
Merchant 3,14,Fair (580-669),5187.274339051539,0.047703985442679876
Merchant 3,14,Poor (300-579),2332.5485427264707,0.047703985442679876
Merchant 3,15,Exceptional (800-850),3898.8861332220517,0.047703985442679876
Merchant 3,15,Very Good (740-799),5908.158304412685,0.047703985442679876
Merchant 3,15,Good (670-739),6967.284055048467,0.047703985442679876
Merchant 3,15,Fair (580-669),5434.727998608841,0.047703985442679876
Merchant 3,15,Poor (300-579),2443.8204044530385,0.047703985442679876
Merchant 3,16,Exceptional (800-850),4084.8785405639433,0.047703985442679876
Merchant 3,16,Very Good (740-799),6190.001002159436,0.047703985442679876
Merchant 3,16,Good (670-739),7299.651272185515,0.047703985442679876
Merchant 3,16,Fair (580-669),5693.9861839394025,0.047703985442679876
Merchant 3,16,Poor (300-579),2560.4003774515904,0.047703985442679876
Merchant 3,17,Exceptional (800-850),4279.7435269981215,0.047703985442679876
Merchant 3,17,Very Good (740-799),6485.288719856624,0.047703985442679876
Merchant 3,17,Good (670-739),7647.873730210494,0.047703985442679876
Merchant 3,17,Fair (580-669),5965.612017968869,0.047703985442679876
Merchant 3,17,Poor (300-579),2682.5416797849734,0.047703985442679876
Merchant 3,18,Exceptional (800-850),4483.904349908444,0.047703985442679876
Merchant 3,18,Very Good (740-799),6794.662838540242,0.047703985442679876
Merchant 3,18,Good (670-739),8012.70778730391,0.047703985442679876
Merchant 3,18,Fair (580-669),6250.195486830732,0.047703985442679876
Merchant 3,18,Poor (300-579),2810.509609026818,0.047703985442679876
Merchant 3,19,Exceptional (800-850),4697.804457742845,0.047703985442679876
Merchant 3,19,Very Good (740-799),7118.7953356778835,0.047703985442679876
Merchant 3,19,Good (670-739),8394.945882945904,0.047703985442679876
Merchant 3,19,Fair (580-669),6548.35472134841,0.047703985442679876
Merchant 3,19,Poor (300-579),2944.5821185023456,0.047703985442679876
Merchant 3,20,Exceptional (800-850),4921.908453207567,0.047703985442679876
Merchant 3,20,Very Good (740-799),7458.390244740479,0.047703985442679876
Merchant 3,20,Good (670-739),8795.41825913804,0.047703985442679876
Merchant 3,20,Fair (580-669),6860.7373396491175,0.047703985442679876
Merchant 3,20,Poor (300-579),3085.050421018157,0.047703985442679876
Merchant 3,21,Exceptional (800-850),5156.703102409584,0.047703985442679876
Merchant 3,21,Very Good (740-799),7814.185184401405,0.047703985442679876
Merchant 3,21,Good (670-739),9214.994763734243,0.047703985442679876
Merchant 3,21,Fair (580-669),7188.0218538257905,0.047703985442679876
Merchant 3,21,Poor (300-579),3232.2196213923407,0.047703985442679876
Merchant 4,14,Exceptional (800-850),5507.969689619754,0.045285431088616344
Merchant 4,14,Very Good (740-799),8525.801632726609,0.045285431088616344
Merchant 4,14,Good (670-739),11807.739094403012,0.045285431088616344
Merchant 4,14,Fair (580-669),9515.292856408416,0.045285431088616344
Merchant 4,14,Poor (300-579),3889.483522495399,0.045285431088616344
Merchant 4,15,Exceptional (800-850),5757.400471437218,0.045285431088616344
Merchant 4,15,Very Good (740-799),8911.896235040664,0.045285431088616344
Merchant 4,15,Good (670-739),12342.457649474962,0.045285431088616344
Merchant 4,15,Fair (580-669),9946.196995345303,0.045285431088616344
Merchant 4,15,Poor (300-579),4065.620460523673,0.045285431088616344
Merchant 4,16,Exceptional (800-850),6018.126833736055,0.045285431088616344
Merchant 4,16,Very Good (740-799),9315.475297861496,0.045285431088616344
Merchant 4,16,Good (670-739),12901.391164824427,0.045285431088616344
Merchant 4,16,Fair (580-669),10396.614813971815,0.045285431088616344
Merchant 4,16,Poor (300-579),4249.733835721187,0.045285431088616344
Merchant 4,17,Exceptional (800-850),6290.660301747762,0.045285431088616344
Merchant 4,17,Very Good (740-799),9737.33061252051,0.045285431088616344
Merchant 4,17,Good (670-739),13485.636225366366,0.045285431088616344
Merchant 4,17,Fair (580-669),10867.429997684823,0.045285431088616344
Merchant 4,17,Poor (300-579),4442.184864483699,0.045285431088616344
Merchant 4,18,Exceptional (800-850),6575.535565344456,0.045285431088616344
Merchant 4,18,Very Good (740-799),10178.289826960885,0.045285431088616344
Merchant 4,18,Good (670-739),14096.339075336346,0.045285431088616344
Merchant 4,18,Fair (580-669),11359.566249955344,0.045285431088616344
Merchant 4,18,Poor (300-579),4643.351121047172,0.045285431088616344
Merchant 4,19,Exceptional (800-850),6873.311528059608,0.045285431088616344
Merchant 4,19,Very Good (740-799),10639.218069519688,0.045285431088616344
Merchant 4,19,Good (670-739),14734.69786713426,0.045285431088616344
Merchant 4,19,Fair (580-669),11873.989104564269,0.045285431088616344
Merchant 4,19,Poor (300-579),4853.6272782596025,0.045285431088616344
Merchant 4,20,Exceptional (800-850),7184.572403614144,0.045285431088616344
Merchant 4,20,Very Good (740-799),11121.019646243682,0.045285431088616344
Merchant 4,20,Good (670-739),15401.96501200795,0.045285431088616344
Merchant 4,20,Fair (580-669),12411.707819905994,0.045285431088616344
Merchant 4,20,Poor (300-579),5073.425881899057,0.045285431088616344
Merchant 4,21,Exceptional (800-850),7509.928862099186,0.045285431088616344
Merchant 4,21,Very Good (740-799),11624.639815068798,0.045285431088616344
Merchant 4,21,Good (670-739),16099.449637188514,0.045285431088616344
Merchant 4,21,Fair (580-669),12973.777359076388,0.045285431088616344
Merchant 4,21,Poor (300-579),5303.178160056998,0.045285431088616344
Merchant 5,14,Exceptional (800-850),1976.3235928105073,0.05613512822002339
Merchant 5,14,Very Good (740-799),3549.489971329395,0.05613512822002339
Merchant 5,14,Good (670-739),5560.209913771925,0.05613512822002339
Merchant 5,14,Fair (580-669),5883.90889402988,0.05613512822002339
Merchant 5,14,Poor (300-579),2761.8402285929888,0.05613512822002339
Merchant 5,15,Exceptional (800-850),2087.2647710971823,0.05613512822002339
Merchant 5,15,Very Good (740-799),3748.741045985658,0.05613512822002339
Merchant 5,15,Good (670-739),5872.333010211758,0.05613512822002339
Merchant 5,15,Fair (580-669),6214.202874231183,0.05613512822002339
Merchant 5,15,Poor (300-579),2916.876483948275,0.05613512822002339
Merchant 5,16,Exceptional (800-850),2204.4336466518603,0.05613512822002339
Merchant 5,16,Very Good (740-799),3959.1771052657264,0.05613512822002339
Merchant 5,16,Good (670-739),6201.97717669067,0.05613512822002339
Merchant 5,16,Fair (580-669),6563.037949361387,0.05613512822002339
Merchant 5,16,Poor (300-579),3080.6157193766817,0.05613512822002339
Merchant 5,17,Exceptional (800-850),2328.179812059196,0.05613512822002339
Merchant 5,17,Very Good (740-799),4181.426019715599,0.05613512822002339
Merchant 5,17,Good (670-739),6550.125960721858,0.05613512822002339
Merchant 5,17,Fair (580-669),6931.454926161668,0.05613512822002339
Merchant 5,17,Poor (300-579),3253.5464777805114,0.05613512822002339
Merchant 5,18,Exceptional (800-850),2458.8724843284085,0.05613512822002339
Merchant 5,18,Very Good (740-799),4416.150905474875,0.05613512822002339
Merchant 5,18,Good (670-739),6917.818121384283,0.05613512822002339
Merchant 5,18,Fair (580-669),7320.5530371930645,0.05613512822002339
Merchant 5,18,Poor (300-579),3436.1847264805256,0.05613512822002339
Merchant 5,19,Exceptional (800-850),2596.9016065128712,0.05613512822002339
Merchant 5,19,Very Good (740-799),4664.05210279268,0.05613512822002339
Merchant 5,19,Good (670-739),7306.150728630991,0.05613512822002339
Merchant 5,19,Fair (580-669),7731.493220577378,0.05613512822002339
Merchant 5,19,Poor (300-579),3629.0753966891953,0.05613512822002339
Merchant 5,20,Exceptional (800-850),2742.679011169256,0.05613512822002339
Merchant 5,20,Very Good (740-799),4925.8692656078165,0.05613512822002339
Merchant 5,20,Good (670-739),7716.282436577508,0.05613512822002339
Merchant 5,20,Fair (580-669),8165.501583846731,0.05613512822002339
Merchant 5,20,Poor (300-579),3832.7940094024757,0.05613512822002339
Merchant 5,21,Exceptional (800-850),2896.6396491276087,0.05613512822002339
Merchant 5,21,Very Good (740-799),5202.383568427783,0.05613512822002339
Merchant 5,21,Good (670-739),8149.436940536701,0.05613512822002339
Merchant 5,21,Fair (580-669),8623.873062236771,0.05613512822002339
Merchant 5,21,Poor (300-579),4047.9483925612208,0.05613512822002339
Merchant 6,14,Exceptional (800-850),4912.793150725868,0.06280676255955864
Merchant 6,14,Very Good (740-799),6839.220653635602,0.06280676255955864
Merchant 6,14,Good (670-739),6373.600170714741,0.06280676255955864
Merchant 6,14,Fair (580-669),4427.827789114701,0.06280676255955864
Merchant 6,14,Poor (300-579),2000.5828712225766,0.06280676255955864
Merchant 6,15,Exceptional (800-850),5221.349783647734,0.06280676255955864
Merchant 6,15,Very Good (740-799),7268.769961320922,0.06280676255955864
Merchant 6,15,Good (670-739),6773.905363286383,0.06280676255955864
Merchant 6,15,Fair (580-669),4705.925317720244,0.06280676255955864
Merchant 6,15,Poor (300-579),2126.233004596173,0.06280676255955864
Merchant 6,16,Exceptional (800-850),5549.285859749701,0.06280676255955864
Merchant 6,16,Very Good (740-799),7725.29787038166,0.06280676255955864
Merchant 6,16,Good (670-739),7199.352429039234,0.06280676255955864
Merchant 6,16,Fair (580-669),5001.489251773315,0.06280676255955864
Merchant 6,16,Poor (300-579),2259.7748160621422,0.06280676255955864
Merchant 6,17,Exceptional (800-850),5897.818539118117,0.06280676255955864
Merchant 6,17,Very Good (740-799),8210.498819428585,0.06280676255955864
Merchant 6,17,Good (670-739),7651.520447632483,0.06280676255955864
Merchant 6,17,Fair (580-669),5315.6165996536265,0.06280676255955864
Merchant 6,17,Poor (300-579),2401.703956372628,0.06280676255955864
Merchant 6,18,Exceptional (800-850),6268.241427723871,0.06280676255955864
Merchant 6,18,Very Good (740-799),8726.173669275973,0.06280676255955864
Merchant 6,18,Good (670-739),8132.0876756065445,0.06280676255955864
Merchant 6,18,Fair (580-669),5649.4732692857215,0.06280676255955864
Merchant 6,18,Poor (300-579),2552.547206498876,0.06280676255955864
Merchant 6,19,Exceptional (800-850),6661.929378740915,0.06280676255955864
Merchant 6,19,Very Good (740-799),9274.236386975663,0.06280676255955864
Merchant 6,19,Good (670-739),8642.83777536188,0.06280676255955864
Merchant 6,19,Fair (580-669),6004.298395496324,0.06280676255955864
Merchant 6,19,Poor (300-579),2712.8644328195164,0.06280676255955864
Merchant 6,20,Exceptional (800-850),7080.343595420044,0.06280676255955864
Merchant 6,20,Very Good (740-799),9856.721149653664,0.06280676255955864
Merchant 6,20,Good (670-739),9185.666435359817,0.06280676255955864
Merchant 6,20,Fair (580-669),6381.4089391590005,0.06280676255955864
Merchant 6,20,Poor (300-579),2883.2506651078834,0.06280676255955864
Merchant 6,21,Exceptional (800-850),7525.037054457684,0.06280676255955864
Merchant 6,21,Very Good (740-799),10475.789894515741,0.06280676255955864
Merchant 6,21,Good (670-739),9762.58840611677,0.06280676255955864
Merchant 6,21,Fair (580-669),6782.204575196206,0.06280676255955864
Merchant 6,21,Poor (300-579),3064.338305031004,0.06280676255955864
Merchant 7,14,Exceptional (800-850),8270.00810149785,0.04854761656142955
Merchant 7,14,Very Good (740-799),9994.850047289168,0.04854761656142955
Merchant 7,14,Good (670-739),6444.487342599707,0.04854761656142955
Merchant 7,14,Fair (580-669),3539.1471892397367,0.04854761656142955
Merchant 7,14,Poor (300-579),1166.4136067713246,0.04854761656142955
Merchant 7,15,Exceptional (800-850),8671.497283769282,0.04854761656142955
Merchant 7,15,Very Good (740-799),10480.076194973948,0.04854761656142955
Merchant 7,15,Good (670-739),6757.351843043222,0.04854761656142955
Merchant 7,15,Fair (580-669),3710.9643499374083,0.04854761656142955
Merchant 7,15,Poor (300-579),1223.0402073048929,0.04854761656142955
Merchant 7,16,Exceptional (800-850),9092.477808915191,0.04854761656142955
Merchant 7,16,Very Good (740-799),10988.858915622108,0.04854761656142955
Merchant 7,16,Good (670-739),7085.405169289954,0.04854761656142955
Merchant 7,16,Fair (580-669),3891.1228242713046,0.04854761656142955
Merchant 7,16,Poor (300-579),1282.4158943283421,0.04854761656142955
Merchant 7,17,Exceptional (800-850),9533.895935175715,0.04854761656142955
Merchant 7,17,Very Good (740-799),11522.341824705378,0.04854761656142955
Merchant 7,17,Good (670-739),7429.384702631015,0.04854761656142955
Merchant 7,17,Fair (580-669),4080.027563137455,0.04854761656142955
Merchant 7,17,Poor (300-579),1344.6741294384774,0.04854761656142955
Merchant 7,18,Exceptional (800-850),9996.743859373199,0.04854761656142955
Merchant 7,18,Very Good (740-799),12081.724057500898,0.04854761656142955
Merchant 7,18,Good (670-739),7790.063622461696,0.04854761656142955
Merchant 7,18,Fair (580-669),4278.103176832716,0.04854761656142955
Merchant 7,18,Poor (300-579),1409.9548534745306,0.04854761656142955
Merchant 7,19,Exceptional (800-850),10482.061947120874,0.04854761656142955
Merchant 7,19,Very Good (740-799),12668.262964445452,0.04854761656142955
Merchant 7,19,Good (670-739),8168.252644194107,0.04854761656142955
Merchant 7,19,Fair (580-669),4485.794889471825,0.04854761656142955
Merchant 7,19,Poor (300-579),1478.404801069939,0.04854761656142955
Merchant 7,20,Exceptional (800-850),10990.941071302848,0.04854761656142955
Merchant 7,20,Very Good (740-799),13283.276937342707,0.04854761656142955
Merchant 7,20,Good (670-739),8564.801841541326,0.04854761656142955
Merchant 7,20,Fair (580-669),4703.569539739123,0.04854761656142955
Merchant 7,20,Poor (300-579),1550.1778304748586,0.04854761656142955
Merchant 7,21,Exceptional (800-850),11524.525064081728,0.04854761656142955
Merchant 7,21,Very Good (740-799),13928.148372776102,0.04854761656142955
Merchant 7,21,Good (670-739),8980.6025572691,0.04854761656142955
Merchant 7,21,Fair (580-669),4931.9166302243975,0.04854761656142955
Merchant 7,21,Poor (300-579),1625.435269390781,0.04854761656142955
Merchant 8,14,Exceptional (800-850),1338.4905528026868,0.06779168982398713
Merchant 8,14,Very Good (740-799),2203.453375511491,0.06779168982398713
Merchant 8,14,Good (670-739),3359.8178782780687,0.06779168982398713
Merchant 8,14,Fair (580-669),2882.21269930278,0.06779168982398713
Merchant 8,14,Poor (300-579),1363.7707358674004,0.06779168982398713
Merchant 8,15,Exceptional (800-850),1429.2290891906234,0.06779168982398713
Merchant 8,15,Very Good (740-799),2352.829203285783,0.06779168982398713
Merchant 8,15,Good (670-739),3587.585609747382,0.06779168982398713
Merchant 8,15,Fair (580-669),3077.6027686206703,0.06779168982398713
Merchant 8,15,Poor (300-579),1456.2230585843538,0.06779168982398713
Merchant 8,16,Exceptional (800-850),1526.1189442924542,0.06779168982398713
Merchant 8,16,Very Good (740-799),2512.331470843752,0.06779168982398713
Merchant 8,16,Good (670-739),3830.794100620377,0.06779168982398713
Merchant 8,16,Fair (580-669),3286.238660912448,0.06779168982398713
Merchant 8,16,Poor (300-579),1554.9428804864426,0.06779168982398713
Merchant 8,17,Exceptional (800-850),1629.577126398439,0.06779168982398713
Merchant 8,17,Very Good (740-799),2682.646666650233,0.06779168982398713
Merchant 8,17,Good (670-739),4090.490106069193,0.06779168982398713
Merchant 8,17,Fair (580-669),3509.018332900619,0.06779168982398713
Merchant 8,17,Poor (300-579),1660.3550859343966,0.06779168982398713
Merchant 8,18,Exceptional (800-850),1740.0489134955064,0.06779168982398713
Merchant 8,18,Very Good (740-799),2864.507817383139,0.06779168982398713
Merchant 8,18,Good (670-739),4367.791342567925,0.06779168982398713
Merchant 8,18,Fair (580-669),3746.9006153113028,0.06779168982398713
Merchant 8,18,Poor (300-579),1772.9133629177409,0.06779168982398713
Merchant 8,19,Exceptional (800-850),1858.0097697177598,0.06779168982398713
Merchant 8,19,Very Good (740-799),3058.6976428375633,0.06779168982398713
Merchant 8,19,Good (670-739),4663.891298479187,0.06779168982398713
Merchant 8,19,Fair (580-669),4000.9093396257936,0.06779168982398713
Merchant 8,19,Poor (300-579),1893.1021557014626,0.06779168982398713
Merchant 8,20,Exceptional (800-850),1983.9673917164039,0.06779168982398713
Merchant 8,20,Very Good (740-799),3266.051924706168,0.06779168982398713
Merchant 8,20,Good (670-739),4980.0643707584795,0.06779168982398713
Merchant 8,20,Fair (580-669),4272.137744591599,0.06779168982398713
Merchant 8,20,Poor (300-579),2021.4387498458973,0.06779168982398713
Merchant 8,21,Exceptional (800-850),2118.463893756547,0.06779168982398713
Merchant 8,21,Very Good (740-799),3487.463103734885,0.06779168982398713
Merchant 8,21,Good (670-739),5317.671349884428,0.06779168982398713
Merchant 8,21,Fair (580-669),4561.7531814583,0.06779168982398713
Merchant 8,21,Poor (300-579),2158.4754985736386,0.06779168982398713
Merchant 9,14,Exceptional (800-850),748.6956080180381,0.06696144286059107
Merchant 9,14,Very Good (740-799),1514.8853813931973,0.06696144286059107
Merchant 9,14,Good (670-739),2453.5566913362213,0.06696144286059107
Merchant 9,14,Fair (580-669),3021.8437191089492,0.06696144286059107
Merchant 9,14,Poor (300-579),1675.8863719454514,0.06696144286059107
Merchant 9,15,Exceptional (800-850),798.8293461943135,0.06696144286059107
Merchant 9,15,Very Good (740-799),1616.3242922997028,0.06696144286059107
Merchant 9,15,Good (670-739),2617.8503875283527,0.06696144286059107
Merchant 9,15,Fair (580-669),3224.1907346396993,0.06696144286059107
Merchant 9,15,Poor (300-579),1788.1061414813203,0.06696144286059107
Merchant 9,16,Exceptional (800-850),852.3201118148673,0.06696144286059107
Merchant 9,16,Very Good (740-799),1724.5556990427147,0.06696144286059107
Merchant 9,16,Good (670-739),2793.1454266704086,0.06696144286059107
Merchant 9,16,Fair (580-669),3440.0871982889225,0.06696144286059107
Merchant 9,16,Poor (300-579),1907.8403087027937,0.06696144286059107
Merchant 9,17,Exceptional (800-850),909.3926962810913,0.06696144286059107
Merchant 9,17,Very Good (740-799),1840.0344369440702,0.06696144286059107
Merchant 9,17,Good (670-739),2980.1784745597206,0.06696144286059107
Merchant 9,17,Fair (580-669),3670.4404006525974,0.06696144286059107
Merchant 9,17,Poor (300-579),2035.5920485211282,0.06696144286059107
Merchant 9,18,Exceptional (800-850),970.2869433509564,0.06696144286059107
Merchant 9,18,Very Good (740-799),1963.2457977550205,0.06696144286059107
Merchant 9,18,Good (670-739),3179.735525198315,0.06696144286059107
Merchant 9,18,Fair (580-669),3916.2183858141016,0.06696144286059107
Merchant 9,18,Poor (300-579),2171.8982291656494,0.06696144286059107
Merchant 9,19,Exceptional (800-850),1035.2587570665291,0.06696144286059107
Merchant 9,19,Very Good (740-799),2094.707569062689,0.06696144286059107
Merchant 9,19,Good (670-739),3392.6552038806735,0.06696144286059107
Merchant 9,19,Fair (580-669),4178.454019485389,0.06696144286059107
Merchant 9,19,Poor (300-579),2317.331668336944,0.06696144286059107
Merchant 9,20,Exceptional (800-850),1104.581177173766,0.06696144286059107
Merchant 9,20,Very Good (740-799),2234.9722102581277,0.06696144286059107
Merchant 9,20,Good (670-739),3619.832291461016,0.06696144286059107
Merchant 9,20,Fair (580-669),4458.2493295567665,0.06696144286059107
Merchant 9,20,Poor (300-579),2472.5035404353266,0.06696144286059107
Merchant 9,21,Exceptional (800-850),1178.5455265539717,0.06696144286059107
Merchant 9,21,Very Good (740-799),2384.6291742103367,0.06696144286059107
Merchant 9,21,Good (670-739),3862.2214846106062,0.06696144286059107
Merchant 9,21,Fair (580-669),4756.780137296151,0.06696144286059107
Merchant 9,21,Poor (300-579),2638.0659449807963,0.06696144286059107
