Merchant,Vintage Index,FICO Bucket,New Accounts,LTV per Account,CAC per Account,LTV/CAC,extrapolated_beyond_qsb
Merchant 1,0,Exceptional (800-850),5279.0,-114.34499788352512,115.86853570752037,-0.9868511514822194,0
Merchant 1,0,Fair (580-669),3741.0,222.0474465234545,69.80219192729217,3.1810956130825385,0
Merchant 1,0,Good (670-739),5870.0,94.9474272224585,84.8160136286201,1.1194516596618223,0
Merchant 1,0,Poor (300-579),1658.0,175.29031662094135,51.0313630880579,3.4349526646675423,0
Merchant 1,0,Very Good (740-799),7335.0,-4.563106914507758,97.79959100204499,-0.04665773003500948,0
Merchant 1,1,Exceptional (800-850),6178.0,-114.45240001949749,114.15344771770799,-1.0026188635364635,0
Merchant 1,1,Fair (580-669),4656.0,232.55851349841942,70.31786941580756,3.307246300698353,0
Merchant 1,1,Good (670-739),7089.0,111.20140787115372,83.95542389617718,1.3245291692966743,0
Merchant 1,1,Poor (300-579),2013.0,196.55095113151629,50.35270740188773,3.9034832737543637,0
Merchant 1,1,Very Good (740-799),8694.0,2.054208986126975,99.02691511387164,0.020743946065216994,0
Merchant 1,2,Exceptional (800-850),6409.0,-113.30110629786991,117.46450304259635,-0.9645561285589684,0
Merchant 1,2,Fair (580-669),4700.0,240.93121953388376,69.63404255319149,3.459963125792146,0
Merchant 1,2,Good (670-739),7047.0,114.7535686999456,82.29885057471265,1.3943520219127468,0
Merchant 1,2,Poor (300-579),2007.0,209.90370952097427,51.116093672147485,4.106411394956578,0
Merchant 1,2,Very Good (740-799),8666.0,-0.6839814846678838,99.04454188783752,-0.006905796842823051,0
Merchant 1,3,Exceptional (800-850),8034.0,-110.09392066093966,114.97386109036594,-0.9575560881130121,0
Merchant 1,3,Fair (580-669),5728.0,248.15123935269654,68.88442737430168,3.602428717368897,0
Merchant 1,3,Good (670-739),9321.0,118.57886339980794,83.10374423345135,1.4268775070675692,0
Merchant 1,3,Poor (300-579),2516.0,222.64537442421425,51.34340222575517,4.336396981354103,0
Merchant 1,3,Very Good (740-799),11175.0,-0.41729986368688765,98.15838926174497,-0.004251290865971055,0
Merchant 1,4,Exceptional (800-850),5499.0,-106.81464649666728,114.12074922713221,-0.9359791906384725,0
Merchant 1,4,Fair (580-669),4139.0,227.08197684284002,69.0964000966417,3.2864516317092027,0
Merchant 1,4,Good (670-739),6467.0,108.68275477127821,83.06633678676357,1.3083850687947582,0
Merchant 1,4,Poor (300-579),1796.0,196.45684432003662,49.97216035634744,3.9313258205992847,0
Merchant 1,4,Very Good (740-799),7442.0,4.329959467860145,98.75302338081161,0.04384634839141022,0
Merchant 1,5,Exceptional (800-850),6494.0,-113.56467421260838,117.41761626116416,-0.9671859966907697,0
Merchant 1,5,Fair (580-669),4729.0,256.49851458201687,70.24952421230704,3.65124913596327,0
Merchant 1,5,Good (670-739),7539.0,119.00618916008298,84.46743599946943,1.4089002199715226,0
Merchant 1,5,Poor (300-579),2119.0,229.25850972089188,51.02878716375649,4.49272895679802,0
Merchant 1,5,Very Good (740-799),8988.0,3.5671747662761466,100.6675567423231,0.0354351976119474,0
Merchant 1,6,Exceptional (800-850),6788.0,-110.77045270160042,115.13847967000589,-0.9620628396264697,0
Merchant 1,6,Fair (580-669),4985.0,255.2417880799619,69.19959879638917,3.688486530550238,0
Merchant 1,6,Good (670-739),7422.0,121.46095727327602,84.6928051738076,1.434135485582422,0
Merchant 1,6,Poor (300-579),2196.0,228.02085796650186,50.75136612021858,4.492900889138072,0
Merchant 1,6,Very Good (740-799),9395.0,2.7359601548405035,99.88185204896222,0.02739196459332104,0
Merchant 1,7,Exceptional (800-850),8672.0,-106.71475632885986,117.43773062730628,-0.9086922555368833,0
Merchant 1,7,Fair (580-669),6265.0,253.80869856773148,69.7366320830008,3.63953192155376,0
Merchant 1,7,Good (670-739),9661.0,124.52158101259191,84.477797329469,1.474015480386515,0
Merchant 1,7,Poor (300-579),2712.0,229.3884087425755,49.756637168141594,4.610207236622682,0
Merchant 1,7,Very Good (740-799),11864.0,2.914106238499214,99.79433580579905,0.029201118630320853,0
Merchant 1,8,Exceptional (800-850),5727.0,-108.82260108273692,114.18369128688667,-0.9530485470934724,0
Merchant 1,8,Fair (580-669),4345.0,229.7859949910657,70.68584579976985,3.250806330336276,0
Merchant 1,8,Good (670-739),6609.0,110.4521652342768,84.93569375094567,1.3004210639422373,0
Merchant 1,8,Poor (300-579),1870.0,216.84266300080228,50.844919786096256,4.264785231505051,0
Merchant 1,8,Very Good (740-799),8218.0,2.0306471563312387,98.53492333901193,0.020608400428188747,0
Merchant 1,9,Exceptional (800-850),7062.0,-103.6064444976743,116.43726989521382,-0.8898048244424964,0
Merchant 1,9,Fair (580-669),5023.0,255.93031836718748,69.71730041807685,3.6709728694662402,0
Merchant 1,9,Good (670-739),7987.0,123.06727299377594,84.76774758983348,1.4518171886465918,0
Merchant 1,9,Poor (300-579),2278.0,228.16279079183116,49.74978050921861,4.586206983356494,0
Merchant 1,9,Very Good (740-799),9830.0,3.8418073601735903,100.8413021363174,0.03809755803212686,0
Merchant 1,10,Exceptional (800-850),7208.0,-105.5403089425539,116.20283018867924,-0.9082421553002407,0
Merchant 1,10,Fair (580-669),5189.0,252.13634685718978,69.76103295432647,3.6142863168649897,0
Merchant 1,10,Good (670-739),8000.0,129.17823419744803,85.17125,1.51668825099371,0
Merchant 1,10,Poor (300-579),2203.0,229.6007095018988,50.04993191103041,4.587433004105597,0
Merchant 1,10,Very Good (740-799),9506.0,3.500085622935848,99.65600673258994,0.035121672417877794,0
Merchant 1,11,Exceptional (800-850),8871.0,-96.82558939475369,117.64062676135723,-0.8230625087638441,1
Merchant 1,11,Fair (580-669),6499.0,244.03645237707656,69.3429758424373,3.5192670838295403,1
Merchant 1,11,Good (670-739),10132.0,123.55144886761224,82.32925384919068,1.5006992422636511,1
Merchant 1,11,Poor (300-579),2809.0,233.20734191768125,49.87540049839801,4.675798882560789,1
Merchant 1,11,Very Good (740-799),12024.0,6.545943913081624,98.73419827012641,0.06629864857131475,1
Merchant 1,12,Exceptional (800-850),6059.0,-76.93063425278135,114.82917973262914,-0.6699571871183646,2
Merchant 1,12,Fair (580-669),4466.0,185.8089610277772,69.34841021047917,2.6793542990218366,2
Merchant 1,12,Good (670-739),7087.0,87.32580112692646,84.40666008183999,1.0345842501321116,2
Merchant 1,12,Poor (300-579),2026.0,180.31581376119965,51.372161895360314,3.5099907636451815,2
Merchant 1,12,Very Good (740-799),8578.0,3.821865984607353,98.89484728374913,0.03864575445110556,2
Merchant 1,13,Exceptional (800-850),7648.0,-67.14107137174598,115.9178870292887,-0.57921234670868,3
Merchant 1,13,Fair (580-669),5465.0,216.5528862015892,69.49496797804208,3.116094481402051,3
Merchant 1,13,Good (670-739),8205.0,107.0846184084465,85.1102985984156,1.2581863789917427,3
Merchant 1,13,Poor (300-579),2303.0,198.68704997764053,50.74250976986539,3.9155936684794295,3
Merchant 1,13,Very Good (740-799),9906.0,18.64888327865534,99.21158893599838,0.18797081549299424,3
Merchant 1,14,Exceptional (800-850),7799.69829277093,-59.582496269555044,115.95321491118338,-0.5138494548442958,4
Merchant 1,14,Fair (580-669),5661.10512963858,192.67728534294687,69.63978263978264,2.7667703436064066,4
Merchant 1,14,Good (670-739),8752.337196588182,99.9298760069544,84.07493821240179,1.1885810222601374,4
Merchant 1,14,Poor (300-579),2446.0142937209844,182.66870967977073,50.53825476955353,3.614464142315781,4
Merchant 1,14,Very Good (740-799),10477.980510539717,18.03637843839569,99.24145842988581,0.1817423758553328,4
Merchant 1,15,Exceptional (800-850),8174.27909367523,-46.791878125216996,115.9532149111834,-0.40354101575413964,5
Merchant 1,15,Fair (580-669),5932.9799142605525,178.5819504057959,69.63978263978264,2.5643668552144305,5
Merchant 1,15,Good (670-739),9172.66851631642,95.51074729738681,84.0749382124018,1.1360192386474823,5
Merchant 1,15,Poor (300-579),2563.4842212455624,173.54741804935912,50.53825476955353,3.433981225523279,5
Merchant 1,15,Very Good (740-799),10981.185914668658,22.92278899524342,99.2414584298858,0.23097996903621076,5
Merchant 1,16,Exceptional (800-850),8566.849151489141,-30.56383516769063,115.95321491118338,-0.26358764775173843,6
Merchant 1,16,Fair (580-669),6217.911495536283,163.69232207465018,69.63978263978264,2.3505576248185873,6
Merchant 1,16,Good (670-739),9613.186263324147,90.8261421483128,84.07493821240179,1.0802998382092792,6
Merchant 1,16,Poor (300-579),2686.595646413082,161.8745204860398,50.53825476955353,3.203009704711057,6
Merchant 1,16,Very Good (740-799),11508.557777065953,29.325765654402517,99.24145842988581,0.29549914036300867,6
Merchant 1,17,Exceptional (800-850),8978.27240094551,-17.806616886374915,115.95321491118338,-0.15356725468986987,7
Merchant 1,17,Fair (580-669),6516.526926611193,146.68775324437217,69.63978263978264,2.1063786773018283,7
Merchant 1,17,Good (670-739),10074.859891533028,84.24525438140405,84.07493821240179,1.0020257662107581,7
Merchant 1,17,Poor (300-579),2815.619502357886,147.90747107568038,50.53825476955354,2.9266438215984127,7
Merchant 1,17,Very Good (740-799),12061.256692789688,32.8638695557769,99.24145842988581,0.33115061059884826,7
Merchant 1,18,Exceptional (800-850),9409.454267274901,-3.779094859983288,115.95321491118337,-0.032591548780065815,8
Merchant 1,18,Fair (580-669),6829.483374881357,131.46722657808198,69.63978263978264,1.8878178764300106,8
Merchant 1,18,Good (670-739),10558.705412925412,79.94094632049088,84.0749382124018,0.9508296767168944,8
Merchant 1,18,Poor (300-579),2950.839733788184,135.19077812943047,50.53825476955353,2.675018730778874,8
Merchant 1,18,Very Good (740-799),12640.498994518832,37.72016506390466,99.24145842988582,0.3800847514806928,8
Merchant 1,19,Exceptional (800-850),9861.343658788282,11.687091852855389,115.95321491118338,0.10079144301266113,9
Merchant 1,19,Fair (580-669),7157.469568231515,114.57442368590806,69.63978263978264,1.645243844004417,9
Merchant 1,19,Good (670-739),11065.78763349693,75.59881246888476,84.07493821240179,0.89918368156152,9
Merchant 1,19,Poor (300-579),3092.5539218673653,120.51805558213904,50.53825476955353,2.384689699549032,9
Merchant 1,19,Very Good (740-799),13247.559429354542,43.292926475243,99.24145842988581,0.43623831370666016,9
Merchant 1,20,Exceptional (800-850),10334.935055153584,31.03422820812186,115.95321491118338,0.2676443963359975,10
Merchant 1,20,Fair (580-669),7501.207310728711,95.65007405296002,69.63978263978264,1.3734975961616323,10
Merchant 1,20,Good (670-739),11597.222496590795,70.76585590556049,84.07493821240179,0.8416997670195362,10
Merchant 1,20,Poor (300-579),3241.0739391052716,101.3707764811025,50.538254769553525,2.0058226573778075,10
Merchant 1,20,Very Good (740-799),13883.773964174967,50.8647125798518,99.24145842988581,0.5125349161992391,10
Merchant 1,21,Exceptional (800-850),10831.27069596182,45.89618860626349,115.9532149111834,0.3958164389095944,11
Merchant 1,21,Fair (580-669),7861.453071107185,75.91219251871992,69.63978263978264,1.0900693488861364,11
Merchant 1,21,Good (670-739),12154.179538770828,64.4862608356566,84.0749382124018,0.7670093158170682,11
Merchant 1,21,Poor (300-579),3396.726635700643,79.68043300182939,50.53825476955353,1.5766360228535707,11
Merchant 1,21,Very Good (740-799),14550.542725717327,55.117993810011015,99.2414584298858,0.5553928235441233,11
Merchant 10,12,Exceptional (800-850),1409.0,-27.610923781798707,114.14478353442158,-0.24189387308682694,2
Merchant 10,12,Fair (580-669),2809.0,102.37274723510873,69.74724101103595,1.4677676959137425,2
Merchant 10,12,Good (670-739),3591.0,45.96939381399104,82.79309384572542,0.5552322262488374,2
Merchant 10,12,Poor (300-579),1454.0,110.06970075891076,49.6423658872077,2.2172533236832397,2
Merchant 10,12,Very Good (740-799),2644.0,7.30067569063127,99.75416036308623,0.07318667877167424,2
Merchant 10,13,Exceptional (800-850),1734.0,-26.676131980961106,114.30219146482122,-0.23338250683646095,3
Merchant 10,13,Fair (580-669),3412.0,77.4214314040197,70.18757327080891,1.103064656549671,3
Merchant 10,13,Good (670-739),4227.0,36.88348494138092,84.68653891648924,0.43552948807781977,3
Merchant 10,13,Poor (300-579),1732.0,91.29930616431078,51.17782909930716,1.7839620744199713,3
Merchant 10,13,Very Good (740-799),3052.0,5.728341175572712,98.38138925294889,0.05822586181258881,3
Merchant 10,14,Exceptional (800-850),2029.7540870092666,44.15096152217938,83.43078575813382,0.529192684942141,4
Merchant 10,14,Fair (580-669),4017.5310770870656,44.15096152217934,83.43078575813384,0.5291926849421404,4
Merchant 10,14,Good (670-739),5048.876058618659,44.15096152217936,83.43078575813382,0.5291926849421408,4
Merchant 10,14,Poor (300-579),2057.5235511331603,44.150961522179365,83.43078575813384,0.5291926849421408,4
Merchant 10,14,Very Good (740-799),3678.485294179059,44.15096152217935,83.43078575813384,0.5291926849421406,4
Merchant 10,15,Exceptional (800-850),2413.30550178804,45.440519966924654,83.43078575813384,0.5446493108509957,5
Merchant 10,15,Fair (580-669),4776.701726574418,45.44051996692466,83.43078575813384,0.5446493108509957,5
Merchant 10,15,Good (670-739),6002.934270753705,45.44051996692465,83.43078575813382,0.5446493108509957,5
Merchant 10,15,Poor (300-579),2446.3224081122157,45.440519966924676,83.43078575813382,0.544649310850996,5
Merchant 10,15,Very Good (740-799),4373.588335407151,45.44051996692467,83.43078575813384,0.5446493108509958,5
Merchant 10,16,Exceptional (800-850),2869.3345081727794,45.46612908738071,83.43078575813382,0.5449562613396354,6
Merchant 10,16,Fair (580-669),5679.328659033681,45.466129087380715,83.43078575813384,0.5449562613396354,6
Merchant 10,16,Good (670-739),7137.275591757807,45.466129087380715,83.43078575813382,0.5449562613396355,6
Merchant 10,16,Poor (300-579),2908.590436856021,45.46612908738073,83.43078575813382,0.5449562613396357,6
Merchant 10,16,Very Good (740-799),5200.041157668517,45.46612908738071,83.43078575813384,0.5449562613396354,6
Merchant 10,17,Exceptional (800-850),3411.536796187288,43.35372989777115,83.43078575813384,0.5196370800516464,7
Merchant 10,17,Fair (580-669),6752.520015616009,43.353729897771146,83.43078575813382,0.5196370800516464,7
Merchant 10,17,Good (670-739),8485.96712459186,43.353729897771146,83.43078575813384,0.5196370800516463,7
Merchant 10,17,Poor (300-579),3458.210700812185,43.35372989777114,83.43078575813382,0.5196370800516463,7
Merchant 10,17,Very Good (740-799),6182.664203335282,43.35372989777113,83.43078575813382,0.5196370800516462,7
Merchant 10,18,Exceptional (800-850),4056.19605472608,45.01286847315147,83.43078575813384,0.5395234872130289,8
Merchant 10,18,Fair (580-669),8028.506413124704,45.012868473151485,83.43078575813384,0.539523487213029,8
Merchant 10,18,Good (670-739),10089.513444431592,45.01286847315147,83.43078575813382,0.5395234872130289,8
Merchant 10,18,Poor (300-579),4111.689669219628,45.012868473151485,83.43078575813382,0.5395234872130291,8
Merchant 10,18,Very Good (740-799),7350.96809663371,45.01286847315147,83.43078575813382,0.5395234872130289,8
Merchant 10,19,Exceptional (800-850),4822.6730114014545,46.16378673150486,83.43078575813382,0.5533183741710627,9
Merchant 10,19,Fair (580-669),9545.608909935872,46.163786731504864,83.43078575813382,0.5533183741710628,9
Merchant 10,19,Good (670-739),11996.073052222899,46.16378673150488,83.43078575813382,0.5533183741710629,9
Merchant 10,19,Poor (300-579),4888.652947605801,46.163786731504864,83.43078575813382,0.5533183741710628,9
Merchant 10,19,Very Good (740-799),8740.039921394427,46.163786731504864,83.43078575813382,0.5533183741710628,9
Merchant 10,20,Exceptional (800-850),5733.986883548366,46.199640833365535,83.43078575813384,0.5537481208351371,10
Merchant 10,20,Fair (580-669),11349.389883090798,46.19964083336554,83.43078575813384,0.5537481208351372,10
Merchant 10,20,Good (670-739),14262.904694744231,46.199640833365535,83.43078575813384,0.5537481208351371,10
Merchant 10,20,Poor (300-579),5812.434683736905,46.199640833365535,83.43078575813384,0.5537481208351371,10
Merchant 10,20,Very Good (740-799),10391.596973812118,46.199640833365535,83.43078575813382,0.5537481208351372,10
Merchant 10,21,Exceptional (800-850),6817.506702812985,44.11177721830795,83.43078575813384,0.5287230225325716,11
Merchant 10,21,Fair (580-669),13494.02138027349,44.11177721830795,83.43078575813382,0.5287230225325716,11
Merchant 10,21,Good (670-739),16958.086987779803,44.11177721830795,83.43078575813382,0.5287230225325716,11
Merchant 10,21,Poor (300-579),6910.778350353856,44.11177721830795,83.43078575813382,0.5287230225325716,11
Merchant 10,21,Very Good (740-799),12355.239637041923,44.11177721830796,83.43078575813382,0.5287230225325718,11
Merchant 2,2,Exceptional (800-850),5464.0,-140.5624799279749,113.86530014641288,-1.234462823592733,0
Merchant 2,2,Fair (580-669),3079.0,223.29881021378333,69.8148749594024,3.1984417410133927,0
Merchant 2,2,Good (670-739),4968.0,97.83170976626175,83.5829307568438,1.1704747474202593,0
Merchant 2,2,Poor (300-579),1336.0,181.9210970939043,49.70059880239521,3.660340146347231,0
Merchant 2,2,Very Good (740-799),7243.0,-13.197516889782857,100.7082700538451,-0.13104700222460994,0
Merchant 2,3,Exceptional (800-850),6812.0,-143.70897549543992,113.96946564885496,-1.2609427856599216,0
Merchant 2,3,Fair (580-669),3809.0,229.65618461432055,70.02100288789708,3.279818556469375,0
Merchant 2,3,Good (670-739),6339.0,103.1758903260546,84.83199242782773,1.2162379707612463,0
Merchant 2,3,Poor (300-579),1637.0,191.39958825001096,51.63714111178986,3.7066263570953266,0
Merchant 2,3,Very Good (740-799),9122.0,-16.313323143599554,98.89169041876781,-0.1649615157200669,0
Merchant 2,4,Exceptional (800-850),4697.0,-134.70190693206558,114.81158186076219,-1.1732431933167282,0
Merchant 2,4,Fair (580-669),2759.0,219.53604695420867,68.70605291772381,3.1952941208412207,0
Merchant 2,4,Good (670-739),4571.0,98.03535877996744,84.10413476263399,1.1656425579628322,0
Merchant 2,4,Poor (300-579),1154.0,179.38286639199293,50.61525129982669,3.5440477284088314,0
Merchant 2,4,Very Good (740-799),6133.0,-11.954474672774266,99.28256970487527,-0.12040859446234943,0
Merchant 2,5,Exceptional (800-850),5624.0,-137.35952569035348,115.42318634423897,-1.1900514103006254,0
Merchant 2,5,Fair (580-669),3174.0,250.2240010778592,70.66162570888469,3.5411582817064615,0
Merchant 2,5,Good (670-739),5169.0,116.95712469747212,83.94080092861289,1.3933286721547706,0
Merchant 2,5,Poor (300-579),1420.0,197.70846519483248,50.61971830985915,3.9057598855963014,0
Merchant 2,5,Very Good (740-799),7360.0,-6.738430175784325,98.46739130434783,-0.0684331136077004,0
Merchant 2,6,Exceptional (800-850),5941.0,-132.47902885693748,113.33445547887561,-1.1689210337418545,0
Merchant 2,6,Fair (580-669),3216.0,250.10656860102733,69.57711442786069,3.594667164019056,0
Merchant 2,6,Good (670-739),5443.0,107.42242665892861,85.64210913099394,1.2543178554211056,0
Merchant 2,6,Poor (300-579),1451.0,203.74794870646315,50.86147484493453,4.00593866630187,0
Merchant 2,6,Very Good (740-799),7426.0,-10.98579479518847,100.62617829248586,-0.1091743220462624,0
Merchant 2,7,Exceptional (800-850),7673.0,-132.902937340989,115.40336243972371,-1.151638345116725,0
Merchant 2,7,Fair (580-669),4199.0,247.0852976131255,69.94760657299356,3.532433913307392,0
Merchant 2,7,Good (670-739),6938.0,105.9055575356864,84.35428077255693,1.2554852766896065,0
Merchant 2,7,Poor (300-579),1772.0,210.81216171192204,49.949209932279906,4.220530454790712,0
Merchant 2,7,Very Good (740-799),9748.0,-10.937023295809029,98.7669265490357,-0.1107356852941964,0
Merchant 2,8,Exceptional (800-850),5321.0,-125.59348806150598,113.61022364217253,-1.1054769899676988,0
Merchant 2,8,Fair (580-669),2885.0,228.53629861007033,70.08665511265164,3.2607676631555536,0
Merchant 2,8,Good (670-739),4900.0,94.91059986300213,84.0,1.1298880936071682,0
Merchant 2,8,Poor (300-579),1242.0,180.53505856717203,50.48309178743961,3.5761490070243647,0
Merchant 2,8,Very Good (740-799),6658.0,-13.557355221960217,99.11384800240313,-0.1367856812665724,0
Merchant 2,9,Exceptional (800-850),6176.0,-127.12717504447325,118.51683937823834,-1.0726507364810465,0
Merchant 2,9,Fair (580-669),3420.0,248.73368870827244,68.49415204678363,3.6314587636383853,0
Merchant 2,9,Good (670-739),5623.0,112.41082773756658,83.31139960874978,1.3492850710163875,0
Merchant 2,9,Poor (300-579),1505.0,221.16556226756077,49.93355481727575,4.429197221725602,0
Merchant 2,9,Very Good (740-799),7959.0,-5.472058525822592,98.85538384219123,-0.055354178125067696,0
Merchant 2,10,Exceptional (800-850),6290.0,-132.56871914627106,114.30842607313195,-1.1597458184006189,0
Merchant 2,10,Fair (580-669),3529.0,249.01511871280837,70.98611504675546,3.507941215670036,0
Merchant 2,10,Good (670-739),5870.0,110.39909522981684,84.603066439523,1.3049065462507043,0
Merchant 2,10,Poor (300-579),1537.0,210.32715637912773,50.201691607026675,4.189642811751158,0
Merchant 2,10,Very Good (740-799),8262.0,-8.086006756056145,97.3529411764706,-0.08305867966945889,0
Merchant 2,11,Exceptional (800-850),7806.0,-123.98738622184612,115.56238790673841,-1.0729043287155582,1
Merchant 2,11,Fair (580-669),4498.0,234.54506072221812,68.603823921743,3.4188336351303943,1
Merchant 2,11,Good (670-739),7383.0,103.04873095276557,84.1053772179331,1.2252335624837236,1
Merchant 2,11,Poor (300-579),1904.0,205.4865115551507,50.58298319327731,4.062364427380407,1
Merchant 2,11,Very Good (740-799),10519.0,-7.190874526169051,97.66897994105904,-0.0736249577963093,1
Merchant 2,12,Exceptional (800-850),5518.0,-99.95963253203458,114.99818774918448,-0.8692278938347309,2
Merchant 2,12,Fair (580-669),3055.0,185.34422192402576,68.50409165302783,2.705593453640571,2
Merchant 2,12,Good (670-739),4994.0,72.6746306476697,83.81257509010813,0.8671089102027487,2
Merchant 2,12,Poor (300-579),1338.0,155.93956765438222,51.285500747384155,3.040617043450356,2
Merchant 2,12,Very Good (740-799),6916.0,-15.570431497946828,99.58646616541354,-0.15635087876382997,2
Merchant 2,13,Exceptional (800-850),6647.0,-95.225053853533,115.10907176169701,-0.8272593323545461,3
Merchant 2,13,Fair (580-669),3732.0,206.02316722993322,69.35691318327974,2.9704777472651474,3
Merchant 2,13,Good (670-739),6118.0,94.23255399414333,82.8309905197777,1.1376485226461617,3
Merchant 2,13,Poor (300-579),1622.0,180.77258231320337,49.870530209617755,3.624837786030608,3
Merchant 2,13,Very Good (740-799),8237.0,3.4443833719984447,100.6288697341265,0.03422858053656885,3
Merchant 2,14,Exceptional (800-850),6864.5433566831425,-87.25487279536891,114.95342643539861,-0.7590454282317918,4
Merchant 2,14,Fair (580-669),3872.3333188341676,180.67681020019845,69.55966630395356,2.597436413951418,4
Merchant 2,14,Good (670-739),6368.934880072532,84.96389437934414,84.10430938579543,1.0102204631347211,4
Merchant 2,14,Poor (300-579),1673.201402312509,166.94852712399788,50.47215090969974,3.307735535636023,4
Merchant 2,14,Very Good (740-799),8870.241585076188,1.3688509823025603,99.08864547042884,0.013814408056582713,4
Merchant 2,15,Exceptional (800-850),7201.377545539709,-75.60817993778689,114.95342643539863,-0.657728806198544,5
Merchant 2,15,Fair (580-669),4062.343663974154,165.3355253221328,69.55966630395358,2.3768878447413657,5
Merchant 2,15,Good (670-739),6681.450207420699,79.20436072100016,84.10430938579542,0.9417396242763415,5
Merchant 2,15,Poor (300-579),1755.3032127108515,157.53329463069014,50.47215090969974,3.1211924158440287,5
Merchant 2,15,Very Good (740-799),9305.492769900022,4.7146000840592315,99.08864547042884,0.04757961986135148,5
Merchant 2,16,Exceptional (800-850),7554.739748699249,-58.26150133666179,114.95342643539861,-0.5068270093662978,6
Merchant 2,16,Fair (580-669),4261.677568913243,147.60723909472813,69.55966630395356,2.1220233928341687,6
Merchant 2,16,Good (670-739),7009.300254257537,73.36339561705698,84.10430938579542,0.8722905657608016,6
Merchant 2,16,Poor (300-579),1841.4336518572748,145.5837280646994,50.47215090969974,2.8844367723730415,6
Merchant 2,16,Very Good (740-799),9762.10116265033,9.54200053779098,99.08864547042884,0.09629761808217079,6
Merchant 2,17,Exceptional (800-850),7925.440974265565,-45.42162803483818,114.95342643539861,-0.3951307015660309,7
Merchant 2,17,Fair (580-669),4470.792528569746,129.1607224895619,69.55966630395356,1.856833555313085,7
Merchant 2,17,Good (670-739),7353.237475266764,66.0375359077745,84.1043093857954,0.7851861146003031,7
Merchant 2,17,Poor (300-579),1931.7903993097705,131.10739490159642,50.47215090969974,2.5976185389079625,7
Merchant 2,17,Very Good (740-799),10241.114733663138,11.962092599076747,99.08864547042884,0.12072112341717912,7
Merchant 2,18,Exceptional (800-850),8314.332025452286,-31.491275978907588,114.95342643539861,-0.27394812799777674,8
Merchant 2,18,Fair (580-669),4690.168486540884,111.84937959545722,69.55966630395356,1.6079631421276677,8
Merchant 2,18,Good (670-739),7714.051247101974,60.17122993138202,84.10430938579542,0.7154357531832309,8
Merchant 2,18,Poor (300-579),2026.580834504401,116.81721327647274,50.47215090969974,2.3144885084345157,8
Merchant 2,18,Very Good (740-799),10743.63287581196,15.446612524181795,99.08864547042883,0.1558868067158265,8
Merchant 2,19,Exceptional (800-850),8722.305453276998,-16.132972328059573,114.95342643539861,-0.1403435532835201,9
Merchant 2,19,Fair (580-669),4920.308936630192,93.03054260887659,69.55966630395358,1.3374207720083469,9
Merchant 2,19,Good (670-739),8092.569680099542,53.85916995059271,84.10430938579542,0.6403853779184484,9
Merchant 2,19,Poor (300-579),2126.0225127156646,100.21196811897049,50.47215090969974,1.98549034096567,9
Merchant 2,19,Very Good (740-799),11270.808927744629,19.222578842819342,99.08864547042886,0.19399375934103327,9
Merchant 2,20,Exceptional (800-850),9150.29760507154,4.006107086878451,114.95342643539861,0.03484982754411239,10
Merchant 2,20,Fair (580-669),5161.7420784254155,72.15573570748316,69.55966630395356,1.0373214758130898,10
Merchant 2,20,Good (670-739),8489.661518889916,47.21771280613808,84.10430938579542,0.5614184713121584,10
Merchant 2,20,Poor (300-579),2230.343664371613,78.4653092234392,50.47215090969974,1.5546258245229596,10
Merchant 2,20,Very Good (740-799),11823.852820932092,25.200660155727093,99.08864547042884,0.25432439848264715,10
Merchant 2,21,Exceptional (800-850),9599.290773510016,18.913773002907615,114.95342643539861,0.16453422563734327,11
Merchant 2,21,Fair (580-669),5415.022029579124,50.767941545301476,69.55966630395358,0.7298473992595328,11
Merchant 2,21,Good (670-739),8906.23813626943,39.16043357247664,84.10430938579542,0.4656174440817719,11
Merchant 2,21,Poor (300-579),2339.783718869716,54.62503729060022,50.47215090969974,1.0822807490081103,11
Merchant 2,21,Very Good (740-799),12404.033856604427,28.846861892383075,99.08864547042886,0.2911217703646164,11
Merchant 3,4,Exceptional (800-850),2538.0,-83.47270606043544,112.61623325453112,-0.7412137988292812,0
Merchant 3,4,Fair (580-669),3606.0,231.51616230599313,70.63505268996117,3.2776384173193485,0
Merchant 3,4,Good (670-739),4530.0,115.41312328218824,84.13907284768212,1.371694735585236,0
Merchant 3,4,Poor (300-579),1629.0,194.56210266203675,50.56476365868631,3.8477803233757175,0
Merchant 3,4,Very Good (740-799),3944.0,10.803694137914093,99.74137931034483,0.10831707173708166,0
Merchant 3,5,Exceptional (800-850),3133.0,-83.95205755804824,115.24098308330673,-0.7284913345225458,0
Merchant 3,5,Fair (580-669),4236.0,242.15614662386974,69.21388101983003,3.498664473886259,0
Merchant 3,5,Good (670-739),5312.0,117.32937373182578,84.85692771084338,1.3826728930327858,0
Merchant 3,5,Poor (300-579),1910.0,216.4351407275671,51.15706806282723,4.230796426053148,0
Merchant 3,5,Very Good (740-799),4749.0,7.255007527911202,98.96188671299221,0.07331112783805413,0
Merchant 3,6,Exceptional (800-850),3238.0,-78.03855823489003,115.03705991352687,-0.6783775445369645,0
Merchant 3,6,Fair (580-669),4344.0,248.67769272869228,69.58333333333333,3.5738111529871945,0
Merchant 3,6,Good (670-739),5597.0,115.52633006020454,85.16348043594783,1.3565242926760475,0
Merchant 3,6,Poor (300-579),2030.0,214.3542049608162,49.99014778325123,4.287929011336784,0
Merchant 3,6,Very Good (740-799),4822.0,13.187048671628105,98.78473662380755,0.133492775527125,0
Merchant 3,7,Exceptional (800-850),4066.0,-80.80034318983901,115.43777668470241,-0.6999471534394729,0
Merchant 3,7,Fair (580-669),5637.0,243.7808110829915,70.38495653716515,3.463535719515131,0
Merchant 3,7,Good (670-739),7192.0,120.02122385074728,82.24416017797553,1.4593282196696102,0
Merchant 3,7,Poor (300-579),2585.0,229.1014545036373,49.88394584139265,4.592689103465704,0
Merchant 3,7,Very Good (740-799),5946.0,11.781887677432993,101.05617221661622,0.11658751186595755,0
Merchant 3,8,Exceptional (800-850),2709.0,-80.17828188160465,116.91029900332227,-0.6858102542302642,0
Merchant 3,8,Fair (580-669),3840.0,234.6627483872404,69.46614583333333,3.3780879242999187,0
Merchant 3,8,Good (670-739),4963.0,109.62178040863547,83.10497682853114,1.319075999922555,0
Merchant 3,8,Poor (300-579),1736.0,210.6385933065145,51.04838709677419,4.126253644550995,0
Merchant 3,8,Very Good (740-799),4112.0,8.382967768865182,97.16439688715953,0.08627612620907452,0
Merchant 3,9,Exceptional (800-850),3295.0,-78.5963237679495,115.41426403641881,-0.6809931547382093,0
Merchant 3,9,Fair (580-669),4678.0,243.21637890690846,70.01496365968363,3.473777121260702,0
Merchant 3,9,Good (670-739),5755.0,122.05661871079498,85.04778453518679,1.4351534184914192,0
Merchant 3,9,Poor (300-579),2122.0,231.0187768762135,49.99057492931197,4.621246649050953,0
Merchant 3,9,Very Good (740-799),5068.0,14.453938371028364,99.07063930544594,0.14589527707058844,0
Merchant 3,10,Exceptional (800-850),3398.0,-77.42335024932567,117.051206592113,-0.6614485446452673,0
Merchant 3,10,Fair (580-669),4819.0,251.9288124209743,70.81759701182818,3.5574323762905475,0
Merchant 3,10,Good (670-739),6113.0,118.67691095071964,84.95828562080811,1.3968844837619123,0
Merchant 3,10,Poor (300-579),2143.0,231.4339223445295,50.24265048996734,4.606323911807622,0
Merchant 3,10,Very Good (740-799),5179.0,15.895428234424902,99.52114307781424,0.15971910835063943,0
Merchant 3,11,Exceptional (800-850),4257.0,-72.19758402477679,116.97909325816302,-0.6171836523424129,1
Merchant 3,11,Fair (580-669),6025.0,246.9962535598214,70.4,3.5084695107929176,1
Merchant 3,11,Good (670-739),7645.0,127.41357300014661,84.16873773708306,1.5137873802758806,1
Merchant 3,11,Poor (300-579),2710.0,239.76759098681853,50.57564575645756,4.740771717308319,1
Merchant 3,11,Very Good (740-799),6542.0,20.094973595897258,98.10608376643228,0.20482902613602136,1
Merchant 3,12,Exceptional (800-850),2945.0,-57.50204400242149,116.83870967741936,-0.49214891332828997,2
Merchant 3,12,Fair (580-669),4073.0,203.8771434863517,69.07193714706604,2.9516639015388,2
Merchant 3,12,Good (670-739),5372.0,100.50752702828562,83.69322412509308,1.200903992873555,2
Merchant 3,12,Poor (300-579),1854.0,188.80768000245433,49.59546925566343,3.8069542003757513,2
Merchant 3,12,Very Good (740-799),4500.0,16.571478529969156,98.95777777777778,0.16746009158757091,2
Merchant 3,13,Exceptional (800-850),3639.0,-44.63631102871943,114.76504534212695,-0.3889364648935901,3
Merchant 3,13,Fair (580-669),4931.0,225.44445342334413,70.8801460150071,3.1806431856899944,3
Merchant 3,13,Good (670-739),6315.0,124.27550460812304,84.68408551068883,1.467519001459099,3
Merchant 3,13,Poor (300-579),2218.0,210.76187987407863,50.40577096483318,4.181304557788072,3
Merchant 3,13,Very Good (740-799),5356.0,32.16352993151632,99.89357729648992,0.32197795696166837,3
Merchant 3,14,Exceptional (800-850),3721.3623193145336,-36.990672362782234,115.69540610512374,-0.319724642559892,4
Merchant 3,14,Fair (580-669),5187.274339051539,207.5339053681364,70.09201324990798,2.9608780764819715,4
Merchant 3,14,Good (670-739),6650.050159067232,114.26194788628942,84.17814743000987,1.3573825437450118,4
Merchant 3,14,Poor (300-579),2332.5485427264707,195.4945608195678,50.326694368820746,3.8845102638150606,4
Merchant 3,14,Very Good (740-799),5639.148448897373,35.377721868899236,99.16304910589828,0.3567631510717125,4
Merchant 3,15,Exceptional (800-850),3898.8861332220517,-22.788850809791626,115.69540610512372,-0.19697282352840448,5
Merchant 3,15,Fair (580-669),5434.727998608841,196.16038543195404,70.09201324990799,2.7986125142754625,5
Merchant 3,15,Good (670-739),6967.284055048467,113.43280659795246,84.17814743000987,1.347532703689713,5
Merchant 3,15,Poor (300-579),2443.8204044530385,189.28634053488688,50.326694368820746,3.7611518679867197,5
Merchant 3,15,Very Good (740-799),5908.158304412685,42.60521417868913,99.1630491058983,0.4296480852781174,5
Merchant 3,16,Exceptional (800-850),4084.8785405639433,-5.013203780101588,115.69540610512372,-0.04333105305448745,6
Merchant 3,16,Fair (580-669),5693.9861839394025,184.5122050508688,70.09201324990799,2.6324283822894903,6
Merchant 3,16,Good (670-739),7299.651272185515,111.3973622177432,84.17814743000987,1.3233525044057879,6
Merchant 3,16,Poor (300-579),2560.4003774515904,180.3391173933531,50.326694368820746,3.5833690182735283,6
Merchant 3,16,Very Good (740-799),6190.001002159436,50.60761200972498,99.16304910589828,0.5103474778763616,6
Merchant 3,17,Exceptional (800-850),4279.7435269981215,10.40760687376564,115.69540610512372,0.08995695874310713,7
Merchant 3,17,Fair (580-669),5965.612017968869,168.96082817858158,70.09201324990799,2.4105574992711936,7
Merchant 3,17,Good (670-739),7647.873730210494,107.87313453838667,84.17814743000986,1.2814862031512164,7
Merchant 3,17,Poor (300-579),2682.5416797849734,168.502210173129,50.32669436882075,3.3481676530998694,7
Merchant 3,17,Very Good (740-799),6485.288719856624,57.1140309556822,99.16304910589827,0.5759608187792709,7
Merchant 3,18,Exceptional (800-850),4483.904349908444,26.31478547301105,115.69540610512374,0.22744883620617382,8
Merchant 3,18,Fair (580-669),6250.195486830732,157.4514296945063,70.09201324990798,2.2463533631588617,8
Merchant 3,18,Good (670-739),8012.70778730391,106.41528462117589,84.17814743000987,1.2641675763850129,8
Merchant 3,18,Poor (300-579),2810.509609026818,160.48553829415007,50.326694368820746,3.18887501567313,8
Merchant 3,18,Very Good (740-799),6794.662838540242,64.80833434349495,99.16304910589828,0.6535532633157012,8
Merchant 3,19,Exceptional (800-850),4697.804457742845,43.85296377229866,115.69540610512374,0.37903807288988434,9
Merchant 3,19,Fair (580-669),6548.35472134841,144.40963270117598,70.09201324990799,2.060286557703713,9
Merchant 3,19,Good (670-739),8394.945882945904,104.9114202746402,84.17814743000987,1.2463023180911537,9
Merchant 3,19,Poor (300-579),2944.5821185023456,149.6035649667856,50.326694368820746,2.972648349808378,9
Merchant 3,19,Very Good (740-799),7118.7953356778835,73.33810817570254,99.1630491058983,0.7395709272451197,9
Merchant 3,20,Exceptional (800-850),4921.908453207567,64.8996138033715,115.69540610512371,0.5609523834023461,10
Merchant 3,20,Fair (580-669),6860.7373396491175,129.3610891356191,70.09201324990798,1.8455895777225222,10
Merchant 3,20,Good (670-739),8795.41825913804,103.58838370120444,84.17814743000987,1.2305852155671786,10
Merchant 3,20,Poor (300-579),3085.050421018157,133.97540682431094,50.32669436882075,2.6621141822363295,10
Merchant 3,20,Very Good (740-799),7458.390244740479,83.49347201519882,99.16304910589828,0.8419816934636046,10
Merchant 3,21,Exceptional (800-850),5156.703102409584,82.36931535148689,115.69540610512372,0.7119497491252512,11
Merchant 3,21,Fair (580-669),7188.0218538257905,112.5137478128828,70.09201324990799,1.6052292207918637,11
Merchant 3,21,Good (670-739),9214.994763734243,100.47487169567842,84.17814743000987,1.1935980389592025,11
Merchant 3,21,Poor (300-579),3232.2196213923407,115.2930360254907,50.326694368820746,2.2908922883065217,11
Merchant 3,21,Very Good (740-799),7814.185184401405,91.13482453458681,99.16304910589828,0.9190401601836793,11
Merchant 4,5,Exceptional (800-850),4624.0,-48.3560007959333,114.88754325259515,-0.42089855372410884,0
Merchant 4,5,Fair (580-669),8240.0,220.3047432712021,69.18082524271844,3.1844769486092543,0
Merchant 4,5,Good (670-739),10164.0,109.97702381458961,85.36894923258559,1.288255563682293,0
Merchant 4,5,Poor (300-579),3444.0,200.55787288249883,49.67189314750291,4.037653090590553,0
Merchant 4,5,Very Good (740-799),7468.0,24.080425741187806,99.82592394215318,0.24122417093922274,0
Merchant 4,6,Exceptional (800-850),4754.0,-54.57651659147082,116.05805637358014,-0.47025185753407817,0
Merchant 4,6,Fair (580-669),8113.0,217.56513070643277,69.47984715888082,3.1313415271182543,0
Merchant 4,6,Good (670-739),10213.0,109.97465397118434,85.67316165671204,1.2836535018031332,0
Merchant 4,6,Poor (300-579),3540.0,197.91438954558765,50.632768361581924,3.9088202353904276,0
Merchant 4,6,Very Good (740-799),7743.0,15.90742981146492,99.52473201601447,0.15983393764783274,0
Merchant 4,7,Exceptional (800-850),6153.0,-50.89991088861919,113.44872419957744,-0.4486600554368224,0
Merchant 4,7,Fair (580-669),10371.0,218.9497649642222,70.52357535435348,3.104632229209664,0
Merchant 4,7,Good (670-739),13346.0,102.575830278419,84.21399670313203,1.2180377881840168,0
Merchant 4,7,Poor (300-579),4253.0,203.5862159333318,50.094051257935575,4.064079682536776,0
Merchant 4,7,Very Good (740-799),9819.0,16.76072974599288,99.33190752622467,0.16873460062737516,0
Merchant 4,8,Exceptional (800-850),4167.0,-51.63668929374514,117.93856491480682,-0.43782701045281514,0
Merchant 4,8,Fair (580-669),7322.0,202.93118758074218,69.48101611581535,2.9206709821641588,0
Merchant 4,8,Good (670-739),8940.0,95.62531362275803,85.77293064876957,1.1148658778412603,0
Merchant 4,8,Poor (300-579),3017.0,188.40207927888295,50.225389459728206,3.7511322720543117,0
Merchant 4,8,Very Good (740-799),6754.0,15.393759715302211,98.84957062481493,0.15572915105245588,0
Merchant 4,9,Exceptional (800-850),5014.0,-49.57237923345544,113.68368568009573,-0.436055348987817,0
Merchant 4,9,Fair (580-669),8410.0,227.41663217261373,70.79310344827586,3.2124122420875785,0
Merchant 4,9,Good (670-739),10906.0,105.22473103879581,83.82908490739042,1.255229389120042,0
Merchant 4,9,Poor (300-579),3528.0,206.5846337402881,50.57823129251701,4.0844574525652115,0
Merchant 4,9,Very Good (740-799),7815.0,15.223930029196227,98.64875239923225,0.15432460785296975,0
Merchant 4,10,Exceptional (800-850),5068.0,-55.353618637559,116.00039463299132,-0.4771847441785862,0
Merchant 4,10,Fair (580-669),8919.0,222.42160100793944,70.71532683036214,3.1453096659158915,0
Merchant 4,10,Good (670-739),10979.0,101.3850994497376,84.26996994261772,1.203098796864104,0
Merchant 4,10,Poor (300-579),3575.0,201.59634947690068,50.453146853146855,3.995714084270776,0
Merchant 4,10,Very Good (740-799),7945.0,13.53542811157954,99.55317809943361,0.13596178816170357,0
Merchant 4,11,Exceptional (800-850),6358.0,-43.93730230668842,117.19408619062598,-0.37491057556625107,1
Merchant 4,11,Fair (580-669),11181.0,217.35055656321515,69.40792415705214,3.131494843029842,1
Merchant 4,11,Good (670-739),14085.0,107.11742904475797,82.44941427050053,1.2991896909458505,1
Merchant 4,11,Poor (300-579),4671.0,202.2986877830324,50.54592164418754,4.00227518269608,1
Merchant 4,11,Very Good (740-799),9837.0,19.896068310676448,99.01799329063739,0.2009338671636937,1
Merchant 4,12,Exceptional (800-850),4516.0,-32.51826517833406,115.0465013286094,-0.28265322980532503,2
Merchant 4,12,Fair (580-669),7755.0,186.43833091159934,70.08510638297872,2.660170477487908,2
Merchant 4,12,Good (670-739),9430.0,90.77425217709369,84.82184517497349,1.0701754010401607,2
Merchant 4,12,Poor (300-579),3161.0,170.13599343620473,51.11040809870294,3.3287934838564195,2
Merchant 4,12,Very Good (740-799),6844.0,18.715354893403923,99.67855055523086,0.1877570930672185,2
Merchant 4,13,Exceptional (800-850),5372.0,-27.216689051713924,117.89650037230082,-0.23085239142610162,3
Merchant 4,13,Fair (580-669),8966.0,208.67926972404047,70.11599375418247,2.9762007004513515,3
Merchant 4,13,Good (670-739),11198.0,110.26102033924735,83.41043043400607,1.3219092596157425,3
Merchant 4,13,Poor (300-579),3644.0,190.7309083830396,51.72338090010977,3.6875181990014663,3
Merchant 4,13,Very Good (740-799),8366.0,34.3073344123077,99.23978006215634,0.3457014353600962,3
Merchant 4,14,Exceptional (800-850),5507.969689619754,-18.281691488355452,115.76913049146134,-0.15791507987272857,4
Merchant 4,14,Fair (580-669),9515.292856408416,191.91020610454115,69.98473706119051,2.7421722816040046,4
Merchant 4,14,Good (670-739),11807.739094403012,103.69683472852383,84.30340214182812,1.2300432971147368,4
Merchant 4,14,Poor (300-579),3889.483522495399,180.14150782988457,50.55401577680992,3.5633471458565884,4
Merchant 4,14,Very Good (740-799),8525.801632726609,35.138152490212434,99.2886170461903,0.3538991027930798,4
Merchant 4,15,Exceptional (800-850),5757.400471437218,-6.238216380597035,115.76913049146137,-0.05388497222113229,5
Merchant 4,15,Fair (580-669),9946.196995345303,183.25285772848008,69.9847370611905,2.6184689037018836,5
Merchant 4,15,Good (670-739),12342.457649474962,104.33500339738943,84.3034021418281,1.2376132012070058,5
Merchant 4,15,Poor (300-579),4065.620460523673,176.1581832824167,50.55401577680992,3.48455371102732,5
Merchant 4,15,Very Good (740-799),8911.896235040664,42.063206898242704,99.2886170461903,0.42364581308121535,5
Merchant 4,16,Exceptional (800-850),6018.126833736055,9.114000930927034,115.76913049146135,0.0787256576276976,6
Merchant 4,16,Fair (580-669),10396.614813971815,172.23812388798882,69.98473706119051,2.461081246006454,6
Merchant 4,16,Good (670-739),12901.391164824427,104.20222448991184,84.30340214182812,1.2360381887626182,6
Merchant 4,16,Poor (300-579),4249.733835721187,168.56152340209002,50.55401577680992,3.334285532256616,6
Merchant 4,16,Very Good (740-799),9315.475297861496,50.637161332734244,99.2886170461903,0.5099996640015362,6
Merchant 4,17,Exceptional (800-850),6290.660301747762,21.34958222678574,115.76913049146134,0.18441515571683764,7
Merchant 4,17,Fair (580-669),10867.429997684823,158.60167951247172,69.98473706119051,2.2662324125587525,7
Merchant 4,17,Good (670-739),13485.636225366366,102.10190311953663,84.3034021418281,1.2111243499730315,7
Merchant 4,17,Poor (300-579),4442.184864483699,157.98563478935426,50.55401577680992,3.125085759494209,7
Merchant 4,17,Very Good (740-799),9737.33061252051,57.09133423505344,99.2886170461903,0.5750038215205862,7
Merchant 4,18,Exceptional (800-850),6575.535565344456,35.24291554004675,115.76913049146134,0.3044241188513213,8
Merchant 4,18,Fair (580-669),11359.566249955344,149.4141065823464,69.98473706119051,2.1349527462210443,8
Merchant 4,18,Good (670-739),14096.339075336346,102.05764589747146,84.30340214182812,1.2105993744567323,8
Merchant 4,18,Poor (300-579),4643.351121047172,151.69341404741078,50.55401577680992,3.0006204594531027,8
Merchant 4,18,Very Good (740-799),10178.289826960885,64.6613055662819,99.2886170461903,0.6512459080399987,8
Merchant 4,19,Exceptional (800-850),6873.311528059608,50.694762381781004,115.76913049146135,0.4378953367497222,9
Merchant 4,19,Fair (580-669),11873.989104564269,138.8071337818523,69.98473706119051,1.9833915166458014,9
Merchant 4,19,Good (670-739),14734.69786713426,102.62175076195662,84.3034021418281,1.217290739812737,9
Merchant 4,19,Poor (300-579),4853.6272782596025,143.28105210286242,50.55401577680992,2.8342170231427617,9
Merchant 4,19,Very Good (740-799),10639.218069519688,73.07965903851931,99.2886170461903,0.7360326008420658,9
Merchant 4,20,Exceptional (800-850),7184.572403614144,68.4347747381648,115.76913049146135,0.5911314566123675,10
Merchant 4,20,Fair (580-669),12411.707819905994,126.19718604098686,69.98473706119051,1.8032101189527583,10
Merchant 4,20,Good (670-739),15401.96501200795,102.20226571471433,84.3034021418281,1.2123148427957156,10
Merchant 4,20,Poor (300-579),5073.425881899057,130.7383215779224,50.55401577680991,2.586111500125269,10
Merchant 4,20,Very Good (740-799),11121.019646243682,83.7755065929426,99.2886170461903,0.8437574123322636,10
Merchant 4,21,Exceptional (800-850),7509.928862099186,83.80031670768135,115.76913049146134,0.7238571832744491,11
Merchant 4,21,Fair (580-669),12973.777359076388,111.08920754806122,69.98473706119051,1.5873347848821864,11
Merchant 4,21,Good (670-739),16099.449637188514,100.03854238311116,84.30340214182812,1.1866489351735887,11
Merchant 4,21,Poor (300-579),5303.178160056998,113.90446173316995,50.55401577680991,2.253123910789696,11
Merchant 4,21,Very Good (740-799),11624.639815068798,91.1260282019154,99.28861704619031,0.9177892784982837,11
Merchant 5,6,Exceptional (800-850),1567.0,-47.86462504709405,114.24377791959158,-0.41896920706511215,0
Merchant 5,6,Fair (580-669),4717.0,280.6025728390539,70.0996396014416,4.002910349246408,0
Merchant 5,6,Good (670-739),4477.0,154.47512652985785,83.45320527138709,1.851038866961548,0
Merchant 5,6,Poor (300-579),2175.0,246.42752373269172,49.85287356321839,4.943095675722628,0
Merchant 5,6,Very Good (740-799),2862.0,48.869674933686,100.17120894479385,0.4878614868331973,0
Merchant 5,7,Exceptional (800-850),2001.0,-58.01297191572872,114.3728135932034,-0.5072269370067866,0
Merchant 5,7,Fair (580-669),6096.0,269.4979519515364,70.21817585301837,3.8380084455006798,0
Merchant 5,7,Good (670-739),5696.0,147.97774750813824,83.85533707865169,1.7646789418942204,0
Merchant 5,7,Poor (300-579),2894.0,244.48391192860655,50.42156185210781,4.848796882684947,0
Merchant 5,7,Very Good (740-799),3732.0,38.205708149699824,98.59324758842443,0.3875083647633639,0
Merchant 5,8,Exceptional (800-850),1417.0,-50.02649617524185,116.38673253352152,-0.4298298877050552,0
Merchant 5,8,Fair (580-669),4224.0,246.6116917191751,69.37973484848484,3.554520527611396,0
Merchant 5,8,Good (670-739),3965.0,134.32144346632452,84.25220680958385,1.5942780438962365,0
Merchant 5,8,Poor (300-579),1945.0,224.40575861282696,50.60154241645244,4.434761232492872,0
Merchant 5,8,Very Good (740-799),2630.0,34.09684328667228,99.88212927756653,0.34137080910559253,0
Merchant 5,9,Exceptional (800-850),1736.0,-47.20174740003633,114.09562211981567,-0.4137034052933966,0
Merchant 5,9,Fair (580-669),5002.0,280.0285404527922,70.88564574170331,3.950426599387615,0
Merchant 5,9,Good (670-739),4669.0,148.66505919515257,83.53180552580852,1.7797419588784065,0
Merchant 5,9,Poor (300-579),2387.0,252.28162855987816,50.8169250104734,4.964519763993645,0
Merchant 5,9,Very Good (740-799),2981.0,40.99163214269072,99.87588057698758,0.41042573948665245,0
Merchant 5,10,Exceptional (800-850),1733.0,-49.78380171461158,116.41084824004616,-0.42765603435819305,0
Merchant 5,10,Fair (580-669),5223.0,284.61487175474093,69.36052077350182,4.103413131573169,0
Merchant 5,10,Good (670-739),4908.0,151.19162053808057,83.3679706601467,1.8135456499765366,0
Merchant 5,10,Poor (300-579),2443.0,256.5816471621211,50.69995906672124,5.060786081197012,0
Merchant 5,10,Very Good (740-799),3233.0,45.817824748631196,99.31023816888339,0.4613605363700273,0
Merchant 5,11,Exceptional (800-850),2286.0,-44.6280412114688,116.27296587926509,-0.38382130251850144,1
Merchant 5,11,Fair (580-669),6548.0,269.81974420570964,68.3292608430055,3.948816961823313,1
Merchant 5,11,Good (670-739),6271.0,154.77610975690138,84.22580130760645,1.8376329741480717,1
Merchant 5,11,Poor (300-579),3175.0,247.2959086239048,51.181102362204726,4.831781599267063,1
Merchant 5,11,Very Good (740-799),3950.0,44.18257909776462,99.42278481012659,0.44439088265474186,1
Merchant 5,12,Exceptional (800-850),1575.0,-24.679460731453876,115.77777777777777,-0.21316232877455366,2
Merchant 5,12,Fair (580-669),4611.0,218.51183680713686,69.11299067447409,3.1616608494970126,2
Merchant 5,12,Good (670-739),4359.0,120.51827018470513,84.601972929571,1.4245326203566615,2
Merchant 5,12,Poor (300-579),2149.0,207.12243968312717,50.89343880874826,4.06972773959075,2
Merchant 5,12,Very Good (740-799),2855.0,44.615588018436895,100.47985989492119,0.44402518141540537,2
Merchant 5,13,Exceptional (800-850),1818.0,-14.102326202678046,115.23652365236524,-0.12237722690438516,3
Merchant 5,13,Fair (580-669),5685.0,255.7590950811343,69.59190853122251,3.6751269002255857,3
Merchant 5,13,Good (670-739),5315.0,154.23467035759793,84.87864534336782,1.8171198389613483,3
Merchant 5,13,Poor (300-579),2591.0,243.5789373159141,50.43612504824392,4.829453830620856,3
Merchant 5,13,Very Good (740-799),3274.0,62.00098443647184,98.28039095907147,0.630858137940171,3
Merchant 5,14,Exceptional (800-850),1976.3235928105073,-9.601287159871692,115.35130545531736,-0.08323518422243482,4
Merchant 5,14,Fair (580-669),5883.90889402988,246.77259147105894,69.59435709875076,3.5458706963971447,4
Merchant 5,14,Good (670-739),5560.209913771925,149.48321154106657,84.02899646999495,1.7789479563098674,4
Merchant 5,14,Poor (300-579),2761.8402285929888,228.2160889215781,50.6341414039172,4.507158265034246,4
Merchant 5,14,Very Good (740-799),3549.489971329395,64.53071601935669,99.44311635380335,0.6489208945319684,4
Merchant 5,15,Exceptional (800-850),2087.2647710971823,6.160674573980268,115.35130545531734,0.05340793109937257,5
Merchant 5,15,Fair (580-669),6214.202874231183,238.70933705108317,69.59435709875078,3.430009946242725,5
Merchant 5,15,Good (670-739),5872.333010211758,150.75197719537286,84.02899646999496,1.7940470971732156,5
Merchant 5,15,Poor (300-579),2916.876483948275,225.4691503523767,50.6341414039172,4.45290754619044,5
Merchant 5,15,Very Good (740-799),3748.741045985658,73.71352846990823,99.44311635380335,0.7412632585612744,5
Merchant 5,16,Exceptional (800-850),2204.4336466518603,27.347780745968297,115.35130545531734,0.23708254222195843,6
Merchant 5,16,Fair (580-669),6563.037949361387,227.69335342548771,69.59435709875078,3.271721486016498,6
Merchant 5,16,Good (670-739),6201.97717669067,151.3898182877764,84.02899646999495,1.8016378232225423,6
Merchant 5,16,Poor (300-579),3080.6157193766817,219.09296016654844,50.6341414039172,4.3269808491232515,6
Merchant 5,16,Very Good (740-799),3959.1771052657264,85.00102435640902,99.44311635380335,0.8547703196869698,6
Merchant 5,17,Exceptional (800-850),2328.179812059196,46.94830601028036,115.35130545531734,0.4070028147922984,7
Merchant 5,17,Fair (580-669),6931.454926161668,213.75174592916295,69.59435709875078,3.0713947917625033,7
Merchant 5,17,Good (670-739),6550.125960721858,151.41241880622835,84.02899646999495,1.8019067841693748,7
Merchant 5,17,Poor (300-579),3253.5464777805114,209.53893020667923,50.6341414039172,4.138293341150023,7
Merchant 5,17,Very Good (740-799),4181.426019715599,94.84698692925355,99.44311635380333,0.9537813214924051,7
Merchant 5,18,Exceptional (800-850),2458.8724843284085,67.3741713292016,115.35130545531736,0.5840781000549643,8
Merchant 5,18,Fair (580-669),7320.5530371930645,204.22847601038384,69.59435709875078,2.934555106538225,8
Merchant 5,18,Good (670-739),6917.818121384283,153.40517055646117,84.02899646999496,1.8256218329495226,8
Merchant 5,18,Poor (300-579),3436.1847264805256,204.20180753818056,50.6341414039172,4.032887729036973,8
Merchant 5,18,Very Good (740-799),4416.150905474875,106.91587424422744,99.44311635380335,1.0751460549952716,8
Merchant 5,19,Exceptional (800-850),2596.9016065128712,88.18798765457001,115.35130545531734,0.7645165982861862,9
Merchant 5,19,Fair (580-669),7731.493220577378,194.4065019596129,69.59435709875076,2.7934233472946697,9
Merchant 5,19,Good (670-739),7306.150728630991,154.79556801057765,84.02899646999495,1.8421684717590554,9
Merchant 5,19,Poor (300-579),3629.0753966891953,196.5179218558515,50.634141403917205,3.881134673306583,9
Merchant 5,19,Very Good (740-799),4664.05210279268,119.49445134614677,99.44311635380336,1.201636229108145,9
Merchant 5,20,Exceptional (800-850),2742.679011169256,113.68664611771649,115.35130545531736,0.9855687863173279,10
Merchant 5,20,Fair (580-669),8165.501583846731,181.58951219822865,69.59435709875078,2.6092562639893715,10
Merchant 5,20,Good (670-739),7716.282436577508,156.02349919545142,84.02899646999496,1.85678165573671,10
Merchant 5,20,Poor (300-579),3832.7940094024757,184.48320717634763,50.634141403917205,3.643454832277959,10
Merchant 5,20,Very Good (740-799),4925.8692656078165,134.03339335773126,99.44311635380335,1.3478398331852455,10
Merchant 5,21,Exceptional (800-850),2896.6396491276087,135.5698725033149,115.35130545531734,1.1752781814491857,11
Merchant 5,21,Fair (580-669),8623.873062236771,167.18752134225596,69.59435709875076,2.4023143299538723,11
Merchant 5,21,Good (670-739),8149.436940536701,155.51841420092288,84.02899646999495,1.8507708140541146,11
Merchant 5,21,Poor (300-579),4047.9483925612208,169.54237845524736,50.6341414039172,3.3483806331933,11
Merchant 5,21,Very Good (740-799),5202.383568427783,145.45692576795952,99.44311635380335,1.4627148776235661,11
Merchant 6,7,Exceptional (800-850),5160.0,-32.01329064592073,114.81395348837209,-0.27882752638739955,0
Merchant 6,7,Fair (580-669),4654.0,267.6997151765282,68.3541039965621,3.9163663851111594,0
Merchant 6,7,Good (670-739),6943.0,177.55663686430384,83.56618176580729,2.124742726213136,0
Merchant 6,7,Poor (300-579),2107.0,233.5532275308042,50.44138585666825,4.630190538270648,0
Merchant 6,7,Very Good (740-799),7310.0,65.19039794177776,101.24487004103968,0.6438884055592425,0
Merchant 6,8,Exceptional (800-850),3673.0,-51.34331364418891,116.38170432888647,-0.441163101539537,0
Merchant 6,8,Fair (580-669),3352.0,240.94443166004754,69.01849642004774,3.491012469956686,0
Merchant 6,8,Good (670-739),4599.0,146.04796380303566,85.55555555555556,1.707054122373144,0
Merchant 6,8,Poor (300-579),1459.0,212.234203509851,50.27416038382454,4.221536508805353,0
Merchant 6,8,Very Good (740-799),5119.0,40.940156152848,98.77124438366869,0.4144946882902413,0
Merchant 6,9,Exceptional (800-850),4345.0,-39.652331293455184,116.39815880322209,-0.3406611556501489,0
Merchant 6,9,Fair (580-669),3831.0,276.6170770507294,68.9584964761159,4.011355977671831,0
Merchant 6,9,Good (670-739),5486.0,173.41330592100658,84.42581115566898,2.0540318600108862,0
Merchant 6,9,Poor (300-579),1704.0,241.54990824925338,49.80046948356807,4.85035403790629,0
Merchant 6,9,Very Good (740-799),6168.0,60.04091212078029,99.62548638132296,0.602666188157615,0
Merchant 6,10,Exceptional (800-850),4261.0,-49.76055079826266,115.59727763435814,-0.4304647290713765,0
Merchant 6,10,Fair (580-669),3912.0,268.6292611961154,70.08691206543968,3.8328020636049436,0
Merchant 6,10,Good (670-739),5540.0,161.72228305558968,82.85920577617328,1.9517720637155083,0
Merchant 6,10,Poor (300-579),1787.0,233.37040987571416,49.65304980414102,4.700021666267341,0
Merchant 6,10,Very Good (740-799),6034.0,51.40628894870817,98.90619821014252,0.5197479013346266,0
Merchant 6,11,Exceptional (800-850),5629.0,-36.315997345197516,115.17498667614142,-0.3153114959527962,1
Merchant 6,11,Fair (580-669),4931.0,259.10882186902086,69.59237477185155,3.72323581022305,1
Merchant 6,11,Good (670-739),7294.0,162.6018872428551,83.64272004387168,1.9440052542237787,1
Merchant 6,11,Poor (300-579),2267.0,234.2269094996833,49.280988089986764,4.752885820227194,1
Merchant 6,11,Very Good (740-799),7612.0,60.84901943501191,101.81292695743562,0.5976551431474977,1
Merchant 6,12,Exceptional (800-850),3920.0,-36.877784332521244,114.96428571428571,-0.32077600537763123,2
Merchant 6,12,Fair (580-669),3392.0,206.0361269858546,68.32841981132076,3.0153796554170893,2
Merchant 6,12,Good (670-739),4903.0,121.99996736832041,83.69773607995106,1.4576256549135536,2
Merchant 6,12,Poor (300-579),1564.0,190.37324764846193,50.42199488491048,3.775599281285753,2
Merchant 6,12,Very Good (740-799),5239.0,34.98130360139061,101.15480053445314,0.34581951045888365,2
Merchant 6,13,Exceptional (800-850),4475.0,-17.98019425851042,117.82122905027933,-0.15260572651841467,3
Merchant 6,13,Fair (580-669),4245.0,232.0229904127644,71.19905771495877,3.2587929933237985,3
Merchant 6,13,Good (670-739),5985.0,163.56081080499627,83.26984126984127,1.9642262830184456,3
Merchant 6,13,Poor (300-579),1828.0,220.896935048743,50.86980306345733,4.342398077955718,3
Merchant 6,13,Very Good (740-799),6570.0,68.47494208595316,99.91019786910198,0.6853648931379964,3
Merchant 6,14,Exceptional (800-850),4912.793150725868,-12.368091521104983,115.83288306900168,-0.10677530588388538,4
Merchant 6,14,Fair (580-669),4427.827789114701,230.83055296178807,69.39294416781438,3.3264268540554474,4
Merchant 6,14,Good (670-739),6373.600170714741,152.71308639209323,83.79631901840492,1.8224319180243649,4
Merchant 6,14,Poor (300-579),2000.5828712225766,208.26791128568453,50.07785467128028,4.158882457181747,4
Merchant 6,14,Very Good (740-799),6839.220653635602,65.99009823764939,100.29873785526195,0.6579354800344317,4
Merchant 6,15,Exceptional (800-850),5221.349783647734,-4.363394717244555,115.8328830690017,-0.03766974111008943,5
Merchant 6,15,Fair (580-669),4705.925317720244,224.7978283882028,69.39294416781439,3.2394911483301465,5
Merchant 6,15,Good (670-739),6773.905363286383,150.65393247397884,83.79631901840492,1.797858596162075,5
Merchant 6,15,Poor (300-579),2126.233004596173,203.73415633175705,50.077854671280285,4.068348328200226,5
Merchant 6,15,Very Good (740-799),7268.769961320922,69.72069392412317,100.29873785526196,0.6951303218265316,5
Merchant 6,16,Exceptional (800-850),5549.285859749701,14.177693793552853,115.8328830690017,0.12239783227278557,6
Merchant 6,16,Fair (580-669),5001.489251773315,209.6631486761899,69.39294416781439,3.021390015808483,6
Merchant 6,16,Good (670-739),7199.352429039234,145.59908465728614,83.7963190184049,1.737535566750933,6
Merchant 6,16,Poor (300-579),2259.7748160621422,194.60285337285723,50.07785467128028,3.8860061927625313,6
Merchant 6,16,Very Good (740-799),7725.29787038166,77.088452684071,100.29873785526196,0.768588462153083,6
Merchant 6,17,Exceptional (800-850),5897.818539118117,27.817246528446947,115.8328830690017,0.24014982439724133,7
Merchant 6,17,Fair (580-669),5315.6165996536265,193.41070777314332,69.39294416781439,2.787181176596488,7
Merchant 6,17,Good (670-739),7651.520447632483,138.293197489628,83.7963190184049,1.6503493125903714,7
Merchant 6,17,Poor (300-579),2401.703956372628,185.2898989656601,50.07785467128028,3.700036676529678,7
Merchant 6,17,Very Good (740-799),8210.498819428585,80.67994427071753,100.29873785526196,0.8043964061356812,7
Merchant 6,18,Exceptional (800-850),6268.241427723871,43.952927695254786,115.8328830690017,0.3794512104915148,8
Merchant 6,18,Fair (580-669),5649.4732692857215,179.47277926891283,69.39294416781439,2.586326051174455,8
Merchant 6,18,Good (670-739),8132.0876756065445,134.26278661015488,83.79631901840492,1.6022516046398836,8
Merchant 6,18,Poor (300-579),2552.547206498876,176.90878935788822,50.07785467128028,3.5326750820127617,8
Merchant 6,18,Very Good (740-799),8726.173669275973,86.48035531055753,100.29873785526196,0.8622277524105506,8
Merchant 6,19,Exceptional (800-850),6661.929378740915,60.583389566615395,115.8328830690017,0.5230241012867292,9
Merchant 6,19,Fair (580-669),6004.298395496324,165.47741106048838,69.39294416781439,2.384643180152595,9
Merchant 6,19,Good (670-739),8642.83777536188,129.3384015268376,83.79631901840492,1.5434854781440923,9
Merchant 6,19,Poor (300-579),2712.8644328195164,166.18624799269125,50.07785467128028,3.3185576555458813,9
Merchant 6,19,Very Good (740-799),9274.236386975663,93.05544437199525,100.29873785526196,0.9277828052660115,9
Merchant 6,20,Exceptional (800-850),7080.343595420044,81.99935118387404,115.83288306900168,0.7079108195470453,10
Merchant 6,20,Fair (580-669),6381.4089391590005,147.85732562505137,69.39294416781439,2.1307256436257402,10
Merchant 6,20,Good (670-739),9185.666435359817,124.08307604589564,83.7963190184049,1.4807700087475466,10
Merchant 6,20,Poor (300-579),2883.2506651078834,150.33935776611244,50.077854671280285,3.002112585552357,10
Merchant 6,20,Very Good (740-799),9856.721149653664,101.81194065112673,100.29873785526196,1.0150869575053718,10
Merchant 6,21,Exceptional (800-850),7525.037054457684,97.24529924447424,115.83288306900168,0.8395310266648995,11
Merchant 6,21,Fair (580-669),6782.204575196206,128.82110216815587,69.39294416781439,1.856400585290417,11
Merchant 6,21,Good (670-739),9762.58840611677,117.3911248070138,83.7963190184049,1.4009102808111438,11
Merchant 6,21,Poor (300-579),3064.338305031004,131.13618968053163,50.077854671280285,2.618646316646995,11
Merchant 6,21,Very Good (740-799),10475.789894515741,106.65450660588363,100.29873785526196,1.0633683821604363,11
Merchant 7,8,Exceptional (800-850),6102.0,-103.34313098403682,114.82300884955752,-0.9000211022116501,0
Merchant 7,8,Fair (580-669),2605.0,165.59556354062008,70.1996161228407,2.358924060935721,0
Merchant 7,8,Good (670-739),4976.0,74.3481558602976,84.7467845659164,0.8772976608035116,0
Merchant 7,8,Poor (300-579),871.0,157.9730822241092,49.83926521239954,3.169651108435824,0
Merchant 7,8,Very Good (740-799),7413.0,-15.862920817859703,100.01753675974639,-0.1586013946330658,0
Merchant 7,9,Exceptional (800-850),7346.0,-125.69327645058786,116.01279607949904,-1.0834432122854376,0
Merchant 7,9,Fair (580-669),3167.0,168.61763593374968,70.58730659930534,2.3887812704190794,0
Merchant 7,9,Good (670-739),5917.0,70.34029696254258,84.0239986479635,0.8371453167475199,0
Merchant 7,9,Poor (300-579),1086.0,160.1499116567193,50.30386740331492,3.1836500834559245,0
Merchant 7,9,Very Good (740-799),8748.0,-33.84406509023663,98.39849108367626,-0.34394902520869214,0
Merchant 7,10,Exceptional (800-850),7490.0,-111.81251635157973,113.6995994659546,-0.9834029044672234,0
Merchant 7,10,Fair (580-669),3278.0,172.25036310843285,68.8163514338011,2.5030441097147036,0
Merchant 7,10,Good (670-739),5823.0,81.72143593604237,83.72660140820882,0.976051034695768,0
Merchant 7,10,Poor (300-579),1048.0,165.1563778557702,50.04770992366412,3.2999787224565713,0
Merchant 7,10,Very Good (740-799),9308.0,-26.09118481214877,98.95573700042974,-0.26366520631376295,0
Merchant 7,11,Exceptional (800-850),9668.0,-106.01178900145763,117.48241621845263,-0.9023630294114316,1
Merchant 7,11,Fair (580-669),4180.0,165.15313592756013,68.74401913875599,2.402436430058122,1
Merchant 7,11,Good (670-739),7409.0,74.70798313851189,83.75084356863275,0.892026634660577,1
Merchant 7,11,Poor (300-579),1345.0,169.17149139858196,50.951672862453535,3.32023429054564,1
Merchant 7,11,Very Good (740-799),11525.0,-27.193527626345766,98.83557483731019,-0.27513906476598216,1
Merchant 7,12,Exceptional (800-850),6603.0,-92.10927165032555,115.55050734514614,-0.7971342901610784,2
Merchant 7,12,Fair (580-669),2800.0,126.37364032665397,70.19285714285714,1.800377495240822,2
Merchant 7,12,Good (670-739),5348.0,50.07579631202554,82.47195213163799,0.6071857767122673,2
Merchant 7,12,Poor (300-579),943.0,128.3237804345126,50.75291622481442,2.528402109271738,2
Merchant 7,12,Very Good (740-799),7955.0,-30.849444114884385,98.3796354494029,-0.313575507511922,2
Merchant 7,13,Exceptional (800-850),7946.0,-90.28187456668253,116.62597533350113,-0.7741146370567485,3
Merchant 7,13,Fair (580-669),3311.0,143.2758484341322,69.58622772576261,2.0589684642595993,3
Merchant 7,13,Good (670-739),6128.0,65.0566462632934,82.92591383812011,0.7845152769771178,3
Merchant 7,13,Poor (300-579),1136.0,139.0072102687703,50.66901408450704,2.743436255478163,3
Merchant 7,13,Very Good (740-799),9532.0,-15.374927400808449,100.9326479227864,-0.1523285846277439,3
Merchant 7,14,Exceptional (800-850),8270.00810149785,-85.50363911449614,115.82327538478575,-0.7382250141902625,4
Merchant 7,14,Fair (580-669),3539.1471892397367,130.10019060621337,69.60808644847732,1.8690384586640123,4
Merchant 7,14,Good (670-739),6444.487342599707,58.96021263272545,83.5973708603691,0.7052878819742482,4
Merchant 7,14,Poor (300-579),1166.4136067713246,126.3357150888546,50.46508010577073,2.5034284068124957,4
Merchant 7,14,Very Good (740-799),9994.850047289168,-18.22862715497549,99.24707696261082,-0.1836691589601448,4
Merchant 7,15,Exceptional (800-850),8671.497283769282,-80.72568738639525,115.82327538478573,-0.6969729280942023,5
Merchant 7,15,Fair (580-669),3710.9643499374083,123.65427814246299,69.60808644847732,1.7764355328743262,5
Merchant 7,15,Good (670-739),6757.351843043222,55.042798062338754,83.5973708603691,0.6584273822950194,5
Merchant 7,15,Poor (300-579),1223.0402073048929,122.99102342941039,50.46508010577073,2.4371510591409176,5
Merchant 7,15,Very Good (740-799),10480.076194973948,-16.940503863572733,99.24707696261082,-0.17069020450803504,5
Merchant 7,16,Exceptional (800-850),9092.477808915191,-71.09246143834582,115.82327538478575,-0.6138011656306893,6
Merchant 7,16,Fair (580-669),3891.1228242713046,112.274095771271,69.60808644847732,1.6129461604202309,6
Merchant 7,16,Good (670-739),7085.405169289954,51.05061624698172,83.59737086036908,0.6106725094530842,6
Merchant 7,16,Poor (300-579),1282.4158943283421,111.91780610609645,50.46508010577073,2.2177277014427754,6
Merchant 7,16,Very Good (740-799),10988.858915622108,-13.47525910585605,99.24707696261082,-0.1357748713438942,6
Merchant 7,17,Exceptional (800-850),9533.895935175715,-61.39926877227703,115.82327538478573,-0.5301116599258451,7
Merchant 7,17,Fair (580-669),4080.027563137455,94.62380396652779,69.60808644847732,1.359379474345508,7
Merchant 7,17,Good (670-739),7429.384702631015,43.37447808221434,83.59737086036908,0.5188497872099568,7
Merchant 7,17,Poor (300-579),1344.6741294384774,101.45641091400778,50.465080105770724,2.010428016786327,7
Merchant 7,17,Very Good (740-799),11522.341824705378,-11.712044257906115,99.24707696261082,-0.11800895921920575,7
Merchant 7,18,Exceptional (800-850),9996.743859373199,-50.4087835518174,115.82327538478573,-0.43522153370598754,8
Merchant 7,18,Fair (580-669),4278.103176832716,79.74042185337119,69.60808644847732,1.1455626195441193,8
Merchant 7,18,Good (670-739),7790.063622461696,36.91438209348087,83.5973708603691,0.44157348148111225,8
Merchant 7,18,Poor (300-579),1409.9548534745306,87.91857922407267,50.46508010577073,1.7421666435444556,8
Merchant 7,18,Very Good (740-799),12081.724057500898,-10.106240614938166,99.24707696261082,-0.10182910090889097,8
Merchant 7,19,Exceptional (800-850),10482.061947120874,-37.538093493603455,115.82327538478575,-0.3240980137100696,9
Merchant 7,19,Fair (580-669),4485.794889471825,61.97699407779921,69.60808644847732,0.8903706054852333,9
Merchant 7,19,Good (670-739),8168.252644194107,28.533390721753573,83.5973708603691,0.3413192356182144,9
Merchant 7,19,Poor (300-579),1478.404801069939,71.16099523233953,50.465080105770724,1.4101036812622083,9
Merchant 7,19,Very Good (740-799),12668.262964445452,-7.032135725819219,99.2470769626108,-0.07085483966916653,9
Merchant 7,20,Exceptional (800-850),10990.941071302848,-20.733054343081143,115.82327538478575,-0.1790059405089539,10
Merchant 7,20,Fair (580-669),4703.569539739123,42.27786769284792,69.60808644847732,0.6073700607204775,10
Merchant 7,20,Good (670-739),8564.801841541326,19.331530722423505,83.5973708603691,0.23124567822488756,10
Merchant 7,20,Poor (300-579),1550.1778304748586,49.18398572412786,50.46508010577073,0.9746142406004745,10
Merchant 7,20,Very Good (740-799),13283.276937342707,-2.6705818812207305,99.24707696261082,-0.026908418494046068,10
Merchant 7,21,Exceptional (800-850),11524.525064081728,-8.445296175501596,115.82327538478573,-0.07291536306018635,11
Merchant 7,21,Fair (580-669),4931.9166302243975,21.604267346350827,69.60808644847734,0.3103700798087866,11
Merchant 7,21,Good (670-739),8980.6025572691,10.561358761760197,83.5973708603691,0.12633601575102893,11
Merchant 7,21,Poor (300-579),1625.435269390781,25.254299873160196,50.46508010577073,0.5004311856877909,11
Merchant 7,21,Very Good (740-799),13928.148372776102,0.06970000561673917,99.24707696261082,0.0007022877423684441,11
Merchant 8,9,Exceptional (800-850),1167.0,-36.243136447010706,114.63581833761782,-0.31615891937256313,0
Merchant 8,9,Fair (580-669),2460.0,147.06940646589973,68.95121951219512,2.1329485904145344,0
Merchant 8,9,Good (670-739),2805.0,75.83723026536269,83.9144385026738,0.9037447144801697,0
Merchant 8,9,Poor (300-579),1106.0,149.91991234539492,50.67811934900543,2.9582769501160886,0
Merchant 8,9,Very Good (740-799),1847.0,13.098953352794972,98.54899837574445,0.13291817845628126,0
Merchant 8,10,Exceptional (800-850),1150.0,-48.09372795643257,115.58260869565217,-0.4160983083802096,0
Merchant 8,10,Fair (580-669),2485.0,130.31532952097572,69.0261569416499,1.887912282747185,0
Merchant 8,10,Good (670-739),2861.0,64.8067722530168,84.07899335896539,0.7707843500971985,0
Merchant 8,10,Poor (300-579),1179.0,144.3487221161656,51.06022052586938,2.8270289597169307,0
Merchant 8,10,Very Good (740-799),1890.0,-2.1711827910471797,98.66666666666667,-0.022005230990343037,0
Merchant 8,11,Exceptional (800-850),1501.0,-36.5906234954594,115.3564290473018,-0.3171962221581551,1
Merchant 8,11,Fair (580-669),3198.0,130.46972756742952,69.79987492182615,1.8691971542005177,1
Merchant 8,11,Good (670-739),3750.0,65.37168863002204,83.912,0.7790505366338787,1
Merchant 8,11,Poor (300-579),1524.0,138.68903587281278,50.87270341207349,2.7261974805903093,1
Merchant 8,11,Very Good (740-799),2425.0,8.647947304982365,98.63092783505155,0.08767987379622975,1
Merchant 8,12,Exceptional (800-850),1032.0,-31.775473768567988,117.99418604651163,-0.26929694447862496,2
Merchant 8,12,Fair (580-669),2264.0,115.92733475291908,71.52826855123675,1.620720550084036,2
Merchant 8,12,Good (670-739),2577.0,59.9477774595789,81.83546759798215,0.732540293581179,2
Merchant 8,12,Poor (300-579),1039.0,128.07485540342034,51.21270452358036,2.5008414727335793,2
Merchant 8,12,Very Good (740-799),1695.0,6.993873177123108,98.3244837758112,0.07113053543275932,2
Merchant 8,13,Exceptional (800-850),1241.0,-23.245670709909728,117.17163577759871,-0.19838991369918144,3
Merchant 8,13,Fair (580-669),2656.0,131.51507174389977,70.56852409638554,1.8636505924974538,3
Merchant 8,13,Good (670-739),3172.0,71.4997501299682,85.61790668348046,0.8351027594530493,3
Merchant 8,13,Poor (300-579),1275.0,138.46885588558058,50.588235294117645,2.7371750582033374,3
Merchant 8,13,Very Good (740-799),2096.0,15.843688340467924,98.2824427480916,0.1612056833088387,3
Merchant 8,14,Exceptional (800-850),1338.4905528026868,-19.828207309745046,116.07781973403382,-0.17081822655850115,4
Merchant 8,14,Fair (580-669),2882.21269930278,121.10298182709077,69.94871009722115,1.731311151539045,4
Merchant 8,14,Good (670-739),3359.8178782780687,67.35697203489863,83.94790636333663,0.8023663120717932,4
Merchant 8,14,Poor (300-579),1363.7707358674004,127.8405312565469,50.87212150906418,2.5129781787018417,4
Merchant 8,14,Very Good (740-799),2203.453375511491,17.830960175358285,98.49693559730734,0.181030608386214,4
Merchant 8,15,Exceptional (800-850),1429.2290891906234,-13.424302896778265,116.07781973403381,-0.11564916473738938,5
Merchant 8,15,Fair (580-669),3077.6027686206703,119.02949547073824,69.94871009722115,1.7016681981025825,5
Merchant 8,15,Good (670-739),3587.585609747382,68.85351934128549,83.94790636333664,0.8201934071265479,5
Merchant 8,15,Poor (300-579),1456.2230585843538,123.85035234883655,50.87212150906418,2.4345427058073335,5
Merchant 8,15,Very Good (740-799),2352.829203285783,22.469879087200553,98.49693559730734,0.22812769707948988,5
Merchant 8,16,Exceptional (800-850),1526.1189442924542,-6.38278529146524,116.07781973403382,-0.054987122484639654,6
Merchant 8,16,Fair (580-669),3286.238660912448,116.3239508490431,69.94871009722115,1.6629892200637493,6
Merchant 8,16,Good (670-739),3830.794100620377,69.05659318212,83.94790636333664,0.8226124530519529,6
Merchant 8,16,Poor (300-579),1554.9428804864426,121.07226776864864,50.87212150906418,2.37993353092374,6
Merchant 8,16,Very Good (740-799),2512.331470843752,26.540662124880427,98.49693559730734,0.26945672942951926,6
Merchant 8,17,Exceptional (800-850),1629.577126398439,-0.12392849463945854,116.07781973403384,-0.001067632859778145,7
Merchant 8,17,Fair (580-669),3509.018332900619,109.98158431252831,69.94871009722117,1.5723175475239752,7
Merchant 8,17,Good (670-739),4090.490106069193,67.70834444927333,83.94790636333664,0.8065519127567454,7
Merchant 8,17,Poor (300-579),1660.3550859343966,113.21936566761991,50.87212150906418,2.225567998917579,7
Merchant 8,17,Very Good (740-799),2682.646666650233,29.879856928468314,98.49693559730734,0.30335823898754016,7
Merchant 8,18,Exceptional (800-850),1740.0489134955064,10.11219629705561,116.07781973403381,0.08711566361450819,8
Merchant 8,18,Fair (580-669),3746.9006153113028,104.65757173025644,69.94871009722117,1.4962044558762226,8
Merchant 8,18,Good (670-739),4367.791342567925,68.06863568377703,83.94790636333663,0.8108437557592896,8
Merchant 8,18,Poor (300-579),1772.9133629177409,110.03101956652294,50.87212150906418,2.1628942592244376,8
Merchant 8,18,Very Good (740-799),2864.507817383139,35.87857081107056,98.49693559730734,0.3642607822618533,8
Merchant 8,19,Exceptional (800-850),1858.0097697177598,22.832787116687182,116.07781973403382,0.19670241195952312,9
Merchant 8,19,Fair (580-669),4000.9093396257936,97.51001695249722,69.94871009722117,1.3940216598271622,9
Merchant 8,19,Good (670-739),4663.891298479187,69.09572799372768,83.94790636333664,0.8230786327734375,9
Merchant 8,19,Poor (300-579),1893.1021557014626,104.01934459369208,50.872121509064186,2.0447219716433165,9
Merchant 8,19,Very Good (740-799),3058.6976428375633,43.613655320910496,98.49693559730736,0.4427920021717181,9
Merchant 8,20,Exceptional (800-850),1983.9673917164039,38.0649556511418,116.07781973403381,0.32792617692474824,10
Merchant 8,20,Fair (580-669),4272.137744591599,88.57437348096666,69.94871009722115,1.2662760093482475,10
Merchant 8,20,Good (670-739),4980.0643707584795,69.34772804631663,83.94790636333664,0.8260804950414287,10
Merchant 8,20,Poor (300-579),2021.4387498458973,93.5896138776901,50.87212150906418,1.839703379797414,10
Merchant 8,20,Very Good (740-799),3266.051924706168,52.340351058504154,98.49693559730736,0.531390654349809,10
Merchant 8,21,Exceptional (800-850),2118.463893756547,52.691979068748395,116.07781973403381,0.4539366710150156,11
Merchant 8,21,Fair (580-669),4561.7531814583,77.20457162853656,69.94871009722115,1.1037311698990666,11
Merchant 8,21,Good (670-739),5317.671349884428,67.93263924369587,83.94790636333664,0.8092237458510905,11
Merchant 8,21,Poor (300-579),2158.4754985736386,80.00128738715901,50.87212150906418,1.5725958543502991,11
Merchant 8,21,Very Good (740-799),3487.463103734885,59.74278932508513,98.49693559730734,0.6065446499710022,11
Merchant 9,10,Exceptional (800-850),643.0,-22.984987606626575,115.84758942457232,-0.19840712889060125,0
Merchant 9,10,Fair (580-669),2579.0,172.22016591780763,70.93834819697557,2.427744235594566,0
Merchant 9,10,Good (670-739),2135.0,98.09729004785088,83.50819672131148,1.1747025310009624,0
Merchant 9,10,Poor (300-579),1406.0,176.65563286429466,50.88904694167852,3.471388117501024,0
Merchant 9,10,Very Good (740-799),1299.0,31.32418254926182,99.13779830638953,0.31596609047593655,0
Merchant 9,11,Exceptional (800-850),807.0,-22.209893188856128,114.9814126394052,-0.19316072640809243,1
Merchant 9,11,Fair (580-669),3280.0,144.04055593796107,70.34756097560975,2.0475557921318903,1
Merchant 9,11,Good (670-739),2704.0,81.57182429782046,83.38387573964496,0.9782685630075244,1
Merchant 9,11,Poor (300-579),1892.0,149.35272965499558,50.887949260042284,2.9349331585713716,1
Merchant 9,11,Very Good (740-799),1639.0,27.21185283851714,99.38987187309336,0.2737889920339447,1
Merchant 9,12,Exceptional (800-850),580.0,1.4493596148541474,114.25862068965517,0.012684903827001742,2
Merchant 9,12,Fair (580-669),2344.0,128.9751280642084,69.87627986348123,1.8457640892759295,2
Merchant 9,12,Good (670-739),1824.0,78.00240140445769,84.57236842105263,0.922315442510896,2
Merchant 9,12,Poor (300-579),1309.0,130.932415983,50.05347593582888,2.615850618463782,2
Merchant 9,12,Very Good (740-799),1178.0,38.6377524972207,99.21901528013582,0.38941882650347354,2
Merchant 9,13,Exceptional (800-850),709.0,27.101654232560755,116.20592383638927,0.2332209351970576,3
Merchant 9,13,Fair (580-669),2852.0,131.83079614724733,70.17180925666199,1.8786860071550961,3
Merchant 9,13,Good (670-739),2313.0,94.21267639295611,83.43709468223086,1.1291461759516426,3
Merchant 9,13,Poor (300-579),1524.0,128.30316502355203,50.10498687664042,2.5606865308524527,3
Merchant 9,13,Very Good (740-799),1426.0,60.64009988228061,98.98316970546985,0.6126304104295582,3
Merchant 9,14,Exceptional (800-850),748.6956080180381,100.99824313693748,78.50593734575966,1.2865045186597301,4
Merchant 9,14,Fair (580-669),3021.8437191089492,100.99824313693748,78.50593734575966,1.2865045186597301,4
Merchant 9,14,Good (670-739),2453.5566913362213,100.99824313693748,78.50593734575966,1.2865045186597301,4
Merchant 9,14,Poor (300-579),1675.8863719454514,100.99824313693745,78.50593734575968,1.2865045186597297,4
Merchant 9,14,Very Good (740-799),1514.8853813931973,100.99824313693746,78.50593734575966,1.2865045186597301,4
Merchant 9,15,Exceptional (800-850),798.8293461943135,101.74490631455154,78.50593734575966,1.296015432137848,5
Merchant 9,15,Fair (580-669),3224.1907346396993,101.74490631455157,78.50593734575966,1.2960154321378485,5
Merchant 9,15,Good (670-739),2617.8503875283527,101.74490631455154,78.50593734575966,1.296015432137848,5
Merchant 9,15,Poor (300-579),1788.1061414813203,101.74490631455153,78.50593734575968,1.2960154321378479,5
Merchant 9,15,Very Good (740-799),1616.3242922997028,101.74490631455156,78.50593734575968,1.296015432137848,5
Merchant 9,16,Exceptional (800-850),852.3201118148673,102.19615605857479,78.50593734575966,1.301763401772754,6
Merchant 9,16,Fair (580-669),3440.0871982889225,102.19615605857477,78.50593734575966,1.3017634017727537,6
Merchant 9,16,Good (670-739),2793.1454266704086,102.19615605857477,78.50593734575968,1.3017634017727535,6
Merchant 9,16,Poor (300-579),1907.8403087027937,102.19615605857477,78.50593734575966,1.3017634017727537,6
Merchant 9,16,Very Good (740-799),1724.5556990427147,102.19615605857479,78.50593734575966,1.301763401772754,6
Merchant 9,17,Exceptional (800-850),909.3926962810913,100.40667633985822,78.50593734575966,1.2789692058276085,7
Merchant 9,17,Fair (580-669),3670.4404006525974,100.40667633985822,78.50593734575966,1.2789692058276085,7
Merchant 9,17,Good (670-739),2980.1784745597206,100.40667633985822,78.50593734575966,1.2789692058276085,7
Merchant 9,17,Poor (300-579),2035.5920485211282,100.40667633985822,78.50593734575966,1.2789692058276085,7
Merchant 9,17,Very Good (740-799),1840.0344369440702,100.40667633985822,78.50593734575966,1.2789692058276085,7
Merchant 9,18,Exceptional (800-850),970.2869433509564,101.80154966226155,78.50593734575966,1.2967369488743536,8
Merchant 9,18,Fair (580-669),3916.2183858141016,101.80154966226158,78.50593734575966,1.2967369488743539,8
Merchant 9,18,Good (670-739),3179.735525198315,101.80154966226155,78.50593734575966,1.2967369488743536,8
Merchant 9,18,Poor (300-579),2171.8982291656494,101.80154966226156,78.50593734575966,1.2967369488743536,8
Merchant 9,18,Very Good (740-799),1963.2457977550205,101.80154966226155,78.50593734575966,1.2967369488743536,8
Merchant 9,19,Exceptional (800-850),1035.2587570665291,102.83134511512928,78.50593734575966,1.3098543701508139,9
Merchant 9,19,Fair (580-669),4178.454019485389,102.83134511512928,78.50593734575966,1.3098543701508139,9
Merchant 9,19,Good (670-739),3392.6552038806735,102.8313451151293,78.50593734575968,1.3098543701508139,9
Merchant 9,19,Poor (300-579),2317.331668336944,102.83134511512928,78.50593734575966,1.3098543701508139,9
Merchant 9,19,Very Good (740-799),2094.707569062689,102.8313451151293,78.50593734575966,1.309854370150814,9
Merchant 9,20,Exceptional (800-850),1104.581177173766,102.93751460719116,78.50593734575966,1.3112067454698204,10
Merchant 9,20,Fair (580-669),4458.2493295567665,102.93751460719116,78.50593734575966,1.3112067454698204,10
Merchant 9,20,Good (670-739),3619.832291461016,102.93751460719116,78.50593734575968,1.3112067454698202,10
Merchant 9,20,Poor (300-579),2472.5035404353266,102.93751460719116,78.50593734575966,1.3112067454698204,10
Merchant 9,20,Very Good (740-799),2234.9722102581277,102.93751460719116,78.50593734575966,1.3112067454698204,10
Merchant 9,21,Exceptional (800-850),1178.5455265539717,100.17044381110136,78.50593734575966,1.275960101844601,11
Merchant 9,21,Fair (580-669),4756.780137296151,100.17044381110136,78.50593734575966,1.275960101844601,11
Merchant 9,21,Good (670-739),3862.2214846106062,100.17044381110136,78.50593734575966,1.275960101844601,11
Merchant 9,21,Poor (300-579),2638.0659449807963,100.17044381110136,78.50593734575966,1.275960101844601,11
Merchant 9,21,Very Good (740-799),2384.6291742103367,100.17044381110136,78.50593734575968,1.2759601018446007,11
